Country or Area	Year	Scope	Value	Value Footnotes
Afghanistan	1990	Kabul	100	1
Afghanistan	1989	Kabul	56.098579783	1
Afghanistan	1988	Kabul	33.316624896	1
Afghanistan	1987	Kabul	27.209690894	1
Afghanistan	1986	Kabul	21.913116124	1
Afghanistan	1985	Kabul	22.322472849	1
Afghanistan	1984	Kabul	20.158730159	1
Afghanistan	1983	Kabul	17.042606516	1
Afghanistan	1982	Kabul	14.578111947	1
Afghanistan	1981	Kabul	11.796157059	1
Afghanistan	1980	Kabul	9.4068504595	1
Albania	2008	Not applicable	125.52217295	2,3
Albania	2007	Not applicable	118.99113082	3
Albania	2006	Not applicable	115.55432373	3
Albania	2005	Not applicable	114.32372506	3
Albania	2004	Not applicable	114.88913525	3
Albania	2003	Not applicable	114.96674058	3
Albania	2002	Not applicable	110.19955654	3
Albania	2001	Not applicable	103.65853659	3
Albania	2000	Not applicable	100	3,4
Albania	1999	Not applicable	431.92546584	3
Albania	1998	Not applicable	433.2405226	3
Albania	1997	Not applicable	357.80895267	3
Albania	1996	Not applicable	263.01135147	3
Albania	1995	Not applicable	228.50717498	3
Albania	1994	Not applicable	214.28571429	3
Albania	1993	Not applicable	186.91368601	3
Albania	1992	Not applicable	100	3
Albania	1991	Not applicable	45.234525594	3,5
Albania	1990	Not applicable	21.417862497	3,5
Albania	1989	Not applicable	20.689655172	3,5
Algeria	2008	Not applicable	134.60098005	
Algeria	2007	Not applicable	126.71333567	
Algeria	2006	Not applicable	119.29646482	
Algeria	2005	Not applicable	116.64858243	
Algeria	2004	Not applicable	116.43857193	
Algeria	2003	Not applicable	110.95029751	
Algeria	2002	Not applicable	106.21281064	
Algeria	2001	Not applicable	104.36296815	
Algeria	2000	Not applicable	100	
Algeria	1999	Not applicable	102.17010851	
Algeria	1998	Not applicable	101.24256213	
Algeria	1997	Not applicable	94.732236612	
Algeria	1996	Not applicable	90.357017851	
Algeria	1995	Not applicable	74.273713686	
Algeria	1994	Not applicable	57.647882394	
Algeria	1993	Not applicable	40.847042352	
Algeria	1992	Not applicable	33.024151208	
Algeria	1991	Not applicable	26.233811691	
Algeria	1990	Not applicable	21.666083304	
Algeria	1990	Alger	100	1
Algeria	1989	Alger	84.401114206	1
Algeria	1989	Not applicable	17.500875044	
Algeria	1988	Alger	77.39090065	1
Algeria	1987	Alger	74.558960074	1
Algeria	1986	Alger	69.266480966	1
Algeria	1985	Alger	59.192200557	1
Algeria	1984	Alger	52.646239554	1
Algeria	1983	Alger	48.932219127	1
Algeria	1982	Alger	46.425255339	1,2
Algeria	1981	Alger	43.229447452	1
Algeria	1980	Alger	36.530542459	1
Algeria	1979	Alger	32.95369594	1
Algeria	1978	Alger	29.044977063	1
Algeria	1977	Alger	24.386472489	1
Algeria	1976	Alger	21.043165777	1
Algeria	1975	Alger	18.388186917	1
Algeria	1974	Alger	16.495285323	1
Algeria	1973	Alger	15.4013357	1
Algeria	1972	Alger	13.852598032	1
Algeria	1971	Alger	13.324060574	1
Algeria	1970	Alger	12.979896648	1
Algeria	1969	Alger	12.291568795	1
American Samoa	2006	Not applicable	132.16080402	
American Samoa	2005	Not applicable	130.35175879	
American Samoa	2004	Not applicable	123.51758794	
American Samoa	2003	Not applicable	109.74874372	
American Samoa	2002	Not applicable	103.11557789	
American Samoa	2001	Not applicable	101.6080402	
American Samoa	2000	Not applicable	100	
American Samoa	1999	Not applicable	100.50251256	
American Samoa	1998	Not applicable	101.30653266	2
American Samoa	1997	Not applicable	100.93478143	6
American Samoa	1996	Not applicable	99.854109256	
American Samoa	1995	Not applicable	97.548675276	
American Samoa	1994	Not applicable	96.972316781	
American Samoa	1993	Not applicable	95.819599791	
American Samoa	1992	Not applicable	97.044361593	
American Samoa	1991	Not applicable	92.793717692	
American Samoa	1990	Not applicable	89.551701158	
American Samoa	1989	Not applicable	83.788116208	
American Samoa	1988	Not applicable	79.969741179	
American Samoa	1987	Not applicable	75.647052467	
American Samoa	1986	Not applicable	73.990021794	
American Samoa	1985	Not applicable	72.69321518	
American Samoa	1984	Not applicable	73.773887358	
American Samoa	1983	Not applicable	71.900722249	
American Samoa	1982	Pago-Pago	100	7
American Samoa	1981	Pago-Pago	92.552182163	7
American Samoa	1980	Pago-Pago	84.155597723	7
American Samoa	1979	Pago-Pago	70.208728653	7
American Samoa	1978	Pago-Pago	60.958254269	7
American Samoa	1977	Pago-Pago	56.736242884	7
American Samoa	1976	Pago-Pago	55.64516129	7
American Samoa	1975	Pago-Pago	56.831119545	7
American Samoa	1974	Pago-Pago	49.90512334	7
Andorra	2008	Not applicable	123.15	8,9,10
Andorra	2007	Not applicable	119.8	8,9,10
Andorra	2006	Not applicable	116.19	8,9,10
Andorra	2005	Not applicable	113.1	8,9,10
Andorra	2004	Not applicable	111.93	8,9,10
Andorra	2003	Not applicable	109.9	8,9,10
Andorra	2002	Not applicable	106.16	8,9,10
Andorra	2001	Not applicable	100	8,9,10
Angola	2008	Luanda	3103.8023402	
Angola	2007	Luanda	2617.7076989	
Angola	2006	Luanda	2292.3645953	
Angola	2005	Luanda	1956.9579687	
Angola	2004	Luanda	1587.5207447	
Angola	2003	Luanda	1062.3637447	2
Angola	2002	Luanda	508.6051531	
Angola	2001	Luanda	251.14220228	2
Angola	2000	Luanda	100.00000353	
Angola	1999	Luanda	25.7101485	
Angola	1998	Luanda	6.6949935308	
Angola	1997	Luanda	2.969011368	
Angola	1996	Luanda	1.4734044838	
Angola	1995	Luanda	0.0372626414	2
Angola	1994	Luanda	0.0014709421	
Angola	1993	Luanda	0.0001431987	
Angola	1992	Luanda	8.5397956E-06	
Angola	1991	Luanda	2.0886773E-06	
Anguilla	2008	Not applicable	137.45704467	9
Anguilla	2007	Not applicable	119.39126166	9
Anguilla	2006	Not applicable	112.3514973	9
Anguilla	2005	Not applicable	105.38046146	9
Anguilla	2004	Not applicable	102.11094747	9
Anguilla	2003	Not applicable	97.987236132	9
Anguilla	2002	Not applicable	100.54000982	9
Anguilla	2001	Not applicable	100	9,11
Anguilla	2000	Not applicable	100	9
Anguilla	1999	Not applicable	98.906119297	9
Anguilla	1998	Not applicable	96.917830255	9
Anguilla	1997	Not applicable	97.677112155	9
Anguilla	1996	Not applicable	96.602535229	9
Anguilla	1995	Not applicable	93.938613989	9
Anguilla	1994	Not applicable	92.059713017	9
Anguilla	1993	Not applicable	89.859082427	9
Anguilla	1992	Not applicable	86.783347275	9
Anguilla	1991	Not applicable	84.421851876	9
Anguilla	1990	Not applicable	81.243163246	9
Anguilla	1989	Not applicable	77.170066276	9
Anguilla	1988	Not applicable	70.317225404	9
Anguilla	1987	Not applicable	66.514381314	9
Anguilla	1986	Not applicable	65.845183708	9
Anguilla	1985	Not applicable	63.734637411	9
Antigua and Barbuda	2001	Not applicable	103.57484839	12
Antigua and Barbuda	2000	Not applicable	100	12
Antigua and Barbuda	1999	Not applicable	98.220555378	12
Antigua and Barbuda	1998	Not applicable	95.268113629	12
Antigua and Barbuda	1997	Not applicable	93.935525056	12
Antigua and Barbuda	1996	Not applicable	95.012767316	12
Antigua and Barbuda	1995	Not applicable	91.605489946	12,13
Antigua and Barbuda	1994	Not applicable	89.626556017	12
Antigua and Barbuda	1993	Not applicable	79.795722949	12,14
Antigua and Barbuda	1991	Not applicable	106.25	12
Antigua and Barbuda	1990	Not applicable	100	12
Antigua and Barbuda	1989	Not applicable	94.134396355	12
Antigua and Barbuda	1988	Not applicable	87.371867882	12
Antigua and Barbuda	1987	Not applicable	82.588268793	12
Antigua and Barbuda	1986	Not applicable	77.534168565	12
Antigua and Barbuda	1985	Not applicable	78.986332574	12
Antigua and Barbuda	1984	Not applicable	77.277904328	12
Antigua and Barbuda	1983	Not applicable	73.092255125	12
Antigua and Barbuda	1982	Not applicable	71.654328018	12
Antigua and Barbuda	1981	Not applicable	69.134396355	12
Antigua and Barbuda	1979	Not applicable	51.993166287	12,13
Antigua and Barbuda	1978	Not applicable	45.444191344	12
Antigua and Barbuda	1977	Not applicable	42.781890661	12
Antigua and Barbuda	1976	Not applicable	37.912870159	12
Antigua and Barbuda	1975	Not applicable	34.440489749	12
Antigua and Barbuda	1974	Not applicable	29.571469248	12
Antigua and Barbuda	1973	Not applicable	22.521355353	12
Antigua and Barbuda	1972	Not applicable	18.671697039	12
Antigua and Barbuda	1971	Not applicable	16.964692483	12
Antigua and Barbuda	1970	Not applicable	15.402904328	12
Antigua and Barbuda	1969	Not applicable	14.268223235	12
Argentina	2008	Buenos Aires	243.94670517	15
Argentina	2007	Buenos Aires	228.50828707	2,15
Argentina	2006	Buenos Aires	205.47610002	15
Argentina	2005	Buenos Aires	183.25646773	15
Argentina	2004	Buenos Aires	165.14373388	15
Argentina	2003	Buenos Aires	157.31338208	15
Argentina	2002	Buenos Aires	132.0261893	15
Argentina	2001	Buenos Aires	98.091301296	15
Argentina	2000	Buenos Aires	100	2,15
Argentina	1999	Buenos Aires	102.69839372	15
Argentina	1998	Buenos Aires	106.60661214	15
Argentina	1997	Buenos Aires	104.85247454	15
Argentina	1996	Buenos Aires	105.54782212	15
Argentina	1995	Buenos Aires	106.02504315	15
Argentina	1994	Buenos Aires	103.10230774	15
Argentina	1993	Buenos Aires	101.68561149	15
Argentina	1992	Buenos Aires	92.191245794	15
Argentina	1991	Buenos Aires	70.822212717	15
Argentina	1990	Buenos Aires	27.123404677	15
Argentina	1989	Buenos Aires	1.2166291852	15
Argentina	1988	Buenos Aires	0.038180737	2,15
Argentina	1987	Buenos Aires	0.0087177368	15
Argentina	1986	Buenos Aires	0.0037453303	15
Argentina	1985	Buenos Aires	0.0018904931	15
Argentina	1984	Buenos Aires	0.0002610686	15
Argentina	1983	Buenos Aires	3.53343E-05	15
Argentina	1982	Buenos Aires	8.048065E-06	15
Argentina	1981	Buenos Aires	2.8909987E-06	15
Argentina	1980	Buenos Aires	1.451641E-06	15
Argentina	1979	Buenos Aires	7.4410403E-07	15
Argentina	1978	Buenos Aires	2.769633E-07	15
Argentina	1977	Buenos Aires	1.0523405E-07	15
Armenia	2008	Not applicable	156.51721528	
Armenia	2007	Not applicable	140.89086121	
Armenia	2006	Not applicable	132.0376184	
Armenia	2005	Not applicable	126.83728953	2
Armenia	2004	Not applicable	125.8423614	
Armenia	2003	Not applicable	114.3525462	
Armenia	2002	Not applicable	106.98151951	2
Armenia	2001	Not applicable	104.72279261	
Armenia	2000	Not applicable	100	
Armenia	1999	Not applicable	106.30683485	
Armenia	1998	Not applicable	112.64300381	
Armenia	1997	Not applicable	106.07216192	
Armenia	1996	Not applicable	97.887943678	
Armenia	1995	Not applicable	85.215605749	
Armenia	1994	Not applicable	29.334115576	
Armenia	1993	Not applicable	0.6746846583	
Aruba	2008	Not applicable	156.80751484	2
Aruba	2007	Not applicable	137.59416667	
Aruba	2006	Not applicable	124.09428571	
Aruba	2005	Not applicable	118.6822619	
Aruba	2004	Not applicable	114.37678571	
Aruba	2003	Not applicable	110.05119048	
Aruba	2002	Not applicable	106.73154762	
Aruba	2001	Not applicable	103.31130952	2
Aruba	2000	Not applicable	100	
Aruba	1999	Not applicable	98.214285714	
Aruba	1998	Not applicable	96.173469388	
Aruba	1997	Not applicable	94.302721088	
Aruba	1996	Not applicable	91.411564626	
Aruba	1995	Not applicable	87.925170068	2
Aruba	1994	Not applicable	84.318152998	
Aruba	1993	Not applicable	79.86959065	
Aruba	1992	Not applicable	76.597085016	
Aruba	1991	Not applicable	74.244971591	
Aruba	1990	Not applicable	70.512269851	
Aruba	1989	Not applicable	65.041049493	
Aruba	1988	Not applicable	60.183423941	
Aruba	1987	Not applicable	56.092791897	
Aruba	1986	Not applicable	52.462355959	
Aruba	1985	Not applicable	50.928368942	
Aruba	1984	Not applicable	51.030634743	
Australia	2008	Not applicable	138.46153846	
Australia	2007	Not applicable	132.29246002	
Australia	2006	Not applicable	129.16984006	
Australia	2005	Not applicable	119.95430312	
Australia	2004	Not applicable	117.13632902	
Australia	2003	Not applicable	114.39451637	
Australia	2002	Not applicable	110.35795887	
Australia	2001	Not applicable	106.54988576	
Australia	2000	Not applicable	100	
Australia	1999	Not applicable	97.638994669	
Australia	1998	Not applicable	94.440213252	
Australia	1997	Not applicable	91.926884996	
Australia	1996	Not applicable	89.642041127	
Australia	1995	Not applicable	87.204874334	
Australia	1994	Not applicable	83.929931455	
Australia	1993	Not applicable	82.863670982	
Australia	1992	Not applicable	80.959634425	
Australia	1991	Not applicable	79.893373953	
Australia	1990	Not applicable	77.227722772	2
Australia	1989	Not applicable	73.975232979	
Australia	1988	Not applicable	67.999728474	
Australia	1987	Not applicable	63.007534838	
Australia	1986	Not applicable	59.755045044	
Australia	1985	Not applicable	54.838490705	
Australia	1984	Not applicable	51.661640209	
Australia	1983	Not applicable	48.976445147	
Australia	1982	Not applicable	44.475906944	
Australia	1981	Not applicable	41.336876097	
Australia	1980	Not applicable	37.819648762	
Australia	1979	Not applicable	33.583848101	
Australia	1978	Not applicable	29.461506386	
Australia	1977	Not applicable	26.88977027	
Australia	1976	Not applicable	24.12893591	
Australia	1975	Not applicable	21.481560497	
Australia	1974	Not applicable	19.968774546	
Australia	1973	Not applicable	17.359218782	
Australia	1972	Not applicable	15.052220207	
Australia	1971	Not applicable	14.484925476	
Australia	1970	Not applicable	13.955450393	
Australia	1969	Not applicable	13.463794959	
Austria	2008	Not applicable	124.5312	
Austria	2007	Not applicable	117.1344	
Austria	2006	Not applicable	112.4976	16
Austria	2005	Not applicable	111	
Austria	2004	Not applicable	109.5	
Austria	2003	Not applicable	107.3	
Austria	2002	Not applicable	105.2	
Austria	2001	Not applicable	103.3	
Austria	2000	Not applicable	100	2
Austria	1999	Not applicable	98.947368421	
Austria	1998	Not applicable	99.043062201	
Austria	1997	Not applicable	97.320574163	
Austria	1996	Not applicable	95.693779904	2
Austria	1995	Not applicable	94.898320387	
Austria	1994	Not applicable	95.455142049	
Austria	1993	Not applicable	93.705131112	
Austria	1992	Not applicable	91.080114705	
Austria	1991	Not applicable	87.58009283	
Austria	1990	Not applicable	84.159616907	
Austria	1989	Not applicable	81.773238355	
Austria	1988	Not applicable	80.739140983	
Austria	1987	Not applicable	80.10277337	
Austria	1986	Not applicable	79.545951708	2
Austria	1985	Not applicable	77.663525535	
Austria	1984	Not applicable	75.942450177	
Austria	1983	Not applicable	71.908679806	
Austria	1982	Not applicable	70.133820843	
Austria	1981	Not applicable	67.121938966	
Austria	1980	Not applicable	63.410870225	
Austria	1979	Not applicable	60.667906373	
Austria	1978	Not applicable	59.10818183	
Austria	1977	Not applicable	57.171972052	2
Austria	1976	Not applicable	53.783604941	
Austria	1975	Not applicable	50.808341689	
Austria	1974	Not applicable	47.767688036	
Austria	1973	Not applicable	44.105825572	
Austria	1972	Not applicable	40.901695916	
Austria	1971	Not applicable	38.645727076	
Austria	1970	Not applicable	37.239833452	
Austria	1969	Not applicable	35.572378222	
Azerbaijan	2008	Not applicable	224.43722724	17
Azerbaijan	2007	Not applicable	174.59758449	17
Azerbaijan	2006	Not applicable	150.18471532	17
Azerbaijan	2005	Not applicable	134.05764742	17
Azerbaijan	2004	Not applicable	120.89820359	17
Azerbaijan	2003	Not applicable	109.92388105	17
Azerbaijan	2002	Not applicable	106.45996143	17
Azerbaijan	2001	Not applicable	102.68243175	17
Azerbaijan	2000	Not applicable	100	17
Azerbaijan	1999	Not applicable	97.739774688	17
Azerbaijan	1998	Not applicable	109.78280727	17
Azerbaijan	1997	Not applicable	111.27575358	17
Azerbaijan	1996	Not applicable	111.80554146	17
Azerbaijan	1995	Not applicable	95.085760682	17
Azerbaijan	1994	Not applicable	18.200548056	17
Azerbaijan	1993	Not applicable	1.0149193139	17
Azerbaijan	1992	Not applicable	0.0732467269	17
Azerbaijan	1991	Not applicable	0.0071044352	17
Bahamas	2008	New Providence	128.64261327	
Bahamas	2007	New Providence	120.5499677	
Bahamas	2006	New Providence	116.3790717	
Bahamas	2005	New Providence	111.17467934	
Bahamas	2004	New Providence	107.7789056	
Bahamas	2003	New Providence	104.69687183	
Bahamas	2002	New Providence	104.14321307	
Bahamas	2001	New Providence	102.14081388	
Bahamas	2000	New Providence	100	
Bahamas	1999	New Providence	98.366706653	
Bahamas	1998	New Providence	98.182153733	
Bahamas	1997	New Providence	96.059795146	
Bahamas	1996	New Providence	94.583371782	
Bahamas	1995	New Providence	92.184183815	2
Bahamas	1994	New Providence	90.292020269	
Bahamas	1993	New Providence	90.75505627	
Bahamas	1992	New Providence	90.093576268	
Bahamas	1991	New Providence	88.241432263	
Bahamas	1990	New Providence	81.229744242	
Bahamas	1989	New Providence	75.408720225	
Bahamas	1988	New Providence	71.572136213	
Bahamas	1987	New Providence	67.2725162	
Bahamas	1986	New Providence	64.163560191	
Bahamas	1985	New Providence	56.88728017	
Bahamas	1984	New Providence	53.910620161	
Bahamas	1983	New Providence	53.050696158	
Bahamas	1982	New Providence	52.389216156	
Bahamas	1981	New Providence	49.081816146	
Bahamas	1980	New Providence	42.731608127	
Bahamas	1979	New Providence	37.109028111	
Bahamas	1978	New Providence	33.4708881	
Bahamas	1977	New Providence	30.957264092	
Bahamas	1976	New Providence	30.36193209	
Bahrain	2008	Not applicable	119.77092338	17,18
Bahrain	2007	Not applicable	107.99017682	17,18
Bahrain	2006	Not applicable	103.33988212	2,17,18
Bahrain	2005	Not applicable	101.27701375	17,18
Bahrain	2004	Not applicable	98.330058939	17,18
Bahrain	2003	Not applicable	96.168958743	17,18
Bahrain	2002	Not applicable	97.642436149	17,18
Bahrain	2001	Not applicable	98.62475442	17,18
Bahrain	2000	Not applicable	100	17,18
Bahrain	1999	Not applicable	101.27701375	17,18
Bahrain	1998	Not applicable	102.25933202	17,18
Bahrain	1997	Not applicable	101.17878193	14,17,18
Bahrain	1996	Not applicable	107.58047767	17,18
Bahrain	1995	Not applicable	107.06126687	17,18
Bahrain	1994	Not applicable	100.83073728	17,18
Bahrain	1993	Not applicable	101.86915888	17,18
Bahrain	1992	Not applicable	102.18068536	17,18
Bahrain	1991	Not applicable	102.0768432	17,18
Bahrain	1990	Not applicable	100	17,18
Bahrain	1989	Not applicable	99.89615784	17,18
Bahrain	1988	Not applicable	99.065420561	17,18
Bahrain	1987	Not applicable	100.10384216	17,18
Bahrain	1986	Not applicable	104.56905504	17,18
Bahrain	1985	Not applicable	104.98442368	17,18,19
Bahrain	1984	Not applicable	100	17,18
Bahrain	1983	Not applicable	96.062992126	17,18
Bahrain	1982	Not applicable	98.849182314	17,18
Bahrain	1981	Not applicable	100.54512417	17,18
Bahrain	1980	Not applicable	96.547546941	17,18
Bahrain	1979	Not applicable	91.156874621	17,18
Bahrain	1978	Not applicable	89.21865536	17,18
Bahrain	1977	Not applicable	80.738946093	17,18
Bahrain	1976	Not applicable	71.047849788	17,18
Bahrain	1975	Not applicable	62.810417929	17,18,20
Bangladesh	2008	Not applicable	168.65155605	21
Bangladesh	2007	Not applicable	151.91235265	21
Bangladesh	2006	Not applicable	137.52114712	21
Bangladesh	2005	Not applicable	127.841487	21
Bangladesh	2004	Not applicable	118.34064792	21
Bangladesh	2003	Not applicable	110.09933087	2,21
Bangladesh	2002	Not applicable	103.37475583	21
Bangladesh	2001	Not applicable	100.77719131	21
Bangladesh	2000	Not applicable	100	21
Bangladesh	1999	Not applicable	98.005070446	21
Bangladesh	1998	Not applicable	90.702797057	21
Bangladesh	1997	Not applicable	82.087195046	21
Bangladesh	1996	Not applicable	78.616848843	21
Bangladesh	1995	Not applicable	77.598603549	21
Bangladesh	1994	Not applicable	69.710319604	21
Bangladesh	1989	Dhaka	100	21,22
Bangladesh	1988	Dhaka	90.404608036	21,22
Bangladesh	1987	Dhaka	85.431300927	21,22
Bangladesh	1986	Dhaka	77.978364709	21,22
Bangladesh	1985	Dhaka	67.940432706	21,22
Bangladesh	1984	Dhaka	62.545658893	21,22
Bangladesh	1983	Dhaka	53.596515875	21,22
Bangladesh	1982	Dhaka	50.147513346	21,22
Bangladesh	1981	Dhaka	45.672941838	21,22
Bangladesh	1980	Dhaka	40.214948019	21,22
Bangladesh	1979	Dhaka	35.71227873	21,22
Bangladesh	1978	Dhaka	31.68024726	21,22
Bangladesh	1977	Dhaka	27.908120258	21,22
Bangladesh	1976	Dhaka	25.351222253	21,22
Bangladesh	1975	Dhaka	31.483562799	21,22
Bangladesh	1974	Dhaka	26.05366676	21,22
Bangladesh	1973	Dhaka	15.453779151	21,22
Bangladesh	1972	Dhaka	10.487496488	2,21,22
Bangladesh	1971	Dhaka	7.8266643551	21,22,23
Bangladesh	1970	Dhaka	7.1059411567	21,22
Bangladesh	1969	Dhaka	6.9462133127	21,22
Barbados	2008	Not applicable	161.3618442	
Barbados	2007	Not applicable	142.17519873	
Barbados	2006	Not applicable	132.79745628	
Barbados	2005	Not applicable	123.0963434	
Barbados	2004	Not applicable	115.01208267	
Barbados	2003	Not applicable	110.05373609	
Barbados	2002	Not applicable	107.08950715	
Barbados	2001	Not applicable	105.24629571	2
Barbados	2000	Not applicable	100	
Barbados	1999	Not applicable	97.535771065	
Barbados	1998	Not applicable	95.151033386	
Barbados	1997	Not applicable	99.443561208	
Barbados	1996	Not applicable	87.59936407	
Barbados	1995	Not applicable	84.340222576	2
Barbados	1994	Not applicable	80.477703812	
Barbados	1993	Not applicable	80.272193844	
Barbados	1992	Not applicable	80.313295837	
Barbados	1991	Not applicable	80.107785868	
Barbados	1990	Not applicable	76.449708422	
Barbados	1989	Not applicable	73.490364871	
Barbados	1988	Not applicable	67.366167798	
Barbados	1987	Not applicable	63.255968421	
Barbados	1986	Not applicable	60.461032844	
Barbados	1985	Not applicable	59.063565055	
Barbados	1984	Not applicable	56.145323497	
Barbados	1983	Not applicable	54.008019821	
Barbados	1982	Not applicable	52.610552033	
Barbados	1981	Not applicable	49.034678574	
Barbados	1980	Not applicable	42.663869539	2
Barbados	1979	Not applicable	38.085450799	
Barbados	1978	Not applicable	34.280193199	
Barbados	1977	Not applicable	31.14886891	
Barbados	1976	Not applicable	28.699696631	
Barbados	1975	Not applicable	27.532641385	
Barbados	1974	Not applicable	22.502797645	
Barbados	1973	Not applicable	15.590871853	
Barbados	1972	Not applicable	13.240323961	
Barbados	1971	Not applicable	11.35002321	
Barbados	1970	Not applicable	10.487059823	
Barbados	1969	Not applicable	9.8460013071	
Belarus	2008	Not applicable	491.09997708	24
Belarus	2007	Not applicable	417.3890677	24
Belarus	2006	Not applicable	380.10114531	24
Belarus	2005	Not applicable	358.18049882	24
Belarus	2004	Not applicable	320.0898113	24
Belarus	2003	Not applicable	267.56650611	24
Belarus	2002	Not applicable	217.85255342	24
Belarus	2001	Not applicable	156.83000032	24
Belarus	2000	Not applicable	100.00000022	24
Belarus	1999	Not applicable	37.747244534	24
Belarus	1998	Not applicable	9.1472991085	24
Belarus	1997	Not applicable	5.2017623646	24
Belarus	1996	Not applicable	3.0619483782	24
Belarus	1995	Not applicable	2.0471672674	24
Belarus	1994	Not applicable	0.2687343207	24
Belarus	1993	Not applicable	0.0108644103	24
Belarus	1992	Not applicable	0.000717066	14,24
Belarus	1991	Not applicable	188.43700159	24
Belarus	1990	Not applicable	100	24
Belarus	1989	Not applicable	97.129186603	24
Belarus	1988	Not applicable	96.73046252	24
Belarus	1987	Not applicable	96.650717703	24
Belarus	1986	Not applicable	92.583732057	24
Belarus	1985	Not applicable	87.081339713	24
Belarus	1984	Not applicable	85.566188198	24
Belarus	1983	Not applicable	85.566188198	24
Belarus	1982	Not applicable	84.210526316	24
Belarus	1981	Not applicable	80.940988836	24
Belarus	1980	Not applicable	79.744816587	2,24
Belarus	1979	Not applicable	79.357705827	24
Belarus	1978	Not applicable	78.970595067	24
Belarus	1977	Not applicable	77.96410709	24
Belarus	1976	Not applicable	78.041529242	24
Belarus	1975	Not applicable	77.886684938	24
Belarus	1974	Not applicable	77.809262786	24
Belarus	1973	Not applicable	77.57699633	24
Belarus	1972	Not applicable	77.499574178	24
Belarus	1971	Not applicable	77.422152026	24
Belarus	1970	Not applicable	77.422152026	24
Belarus	1969	Not applicable	77.267307722	24
Belgium	2008	Not applicable	126.08881548	
Belgium	2007	Not applicable	119.14703299	
Belgium	2006	Not applicable	114.98637798	
Belgium	2005	Not applicable	112.49219222	
Belgium	2004	Not applicable	110.36220173	2
Belgium	2003	Not applicable	108.68903888	
Belgium	2002	Not applicable	106.52153247	
Belgium	2001	Not applicable	104.23044016	
Belgium	2000	Not applicable	100	
Belgium	1999	Not applicable	99.144405362	
Belgium	1998	Not applicable	98.944766613	
Belgium	1997	Not applicable	97.15752448	
Belgium	1996	Not applicable	95.066070919	2
Belgium	1995	Not applicable	94.471111155	
Belgium	1994	Not applicable	93.340687603	
Belgium	1993	Not applicable	91.700298538	
Belgium	1992	Not applicable	92.431249106	
Belgium	1991	Not applicable	92.541741633	
Belgium	1990	Not applicable	90.749269267	
Belgium	1989	Not applicable	87.510487552	
Belgium	1988	Not applicable	84.854813308	
Belgium	1987	Not applicable	84.867489557	
Belgium	1986	Not applicable	85.209748291	
Belgium	1985	Not applicable	83.587188371	
Belgium	1984	Not applicable	80.811089758	
Belgium	1983	Not applicable	74.90395755	2
Belgium	1982	Not applicable	69.468915223	
Belgium	1981	Not applicable	63.381246869	
Belgium	1980	Not applicable	59.807167302	
Belgium	1979	Not applicable	57.717774828	
Belgium	1978	Not applicable	57.437985771	
Belgium	1977	Not applicable	56.616669506	
Belgium	1976	Not applicable	53.38555717	2
Belgium	1975	Not applicable	47.741513031	
Belgium	1974	Not applicable	42.92543836	
Belgium	1973	Not applicable	39.247770583	
Belgium	1972	Not applicable	36.333585273	
Belgium	1971	Not applicable	34.084038717	2
Belgium	1970	Not applicable	33.447092318	
Belgium	1969	Not applicable	32.321326589	
Belize	2008	Not applicable	138.97736798	17
Belize	2007	Not applicable	122.71584241	17
Belize	2006	Not applicable	116.59681475	17
Belize	2005	Not applicable	111.81894384	17
Belize	2004	Not applicable	106.85666387	17
Belize	2003	Not applicable	104.19111484	17
Belize	2002	Not applicable	101.59262364	17
Belize	2001	Not applicable	100.46102263	17
Belize	2000	Not applicable	100	17
Belize	1999	Not applicable	99.413243923	17
Belize	1998	Not applicable	101.08968986	17
Belize	1997	Not applicable	102.09555742	17
Belize	1996	Not applicable	100.3101425	17
Belize	1995	Not applicable	94.283319363	17
Belize	1994	Not applicable	91.810561609	17
Belize	1993	Not applicable	90.813076278	17
Belize	1992	Not applicable	89.413243923	17
Belize	1991	Not applicable	86.823134954	17,25
Belize	1990	Not applicable	81.863405165	17
Belize	1989	Not applicable	80.135858834	17
Belize	1988	Not applicable	76.903675376	17
Belize	1987	Not applicable	74.451674132	17
Belize	1986	Not applicable	73.225673511	17
Belize	1985	Not applicable	73.002764307	17
Benin	2008	Cotonou	132.85586392	24,26
Benin	2007	Cotonou	112.58728738	24,26
Benin	2006	Cotonou	113.78692927	24,26
Benin	2005	Cotonou	114.38675022	24,26
Benin	2004	Cotonou	104.73589973	24,26
Benin	2003	Cotonou	105.4610564	24,26
Benin	2002	Cotonou	107.96777081	24,26
Benin	2001	Cotonou	102.32766338	24,26
Benin	2000	Cotonou	100	24,26
Benin	1999	Cotonou	98.836168308	24,26
Benin	1998	Cotonou	99.167412713	24,26
Benin	1997	Cotonou	92.390331244	24,26
Benin	1996	Cotonou	89.525514772	2,24,26
Benin	1995	Cotonou	78.401959902	24,26
Benin	1994	Cotonou	65.811487507	24,26
Benin	1993	Cotonou	48.673152598	24,26,27
Benin	1992	Cotonou	48.841557203	14,24,26
Benin	1991	Cotonou	99.509803922	24,26
Benin	1990	Cotonou	100	24,26
Benin	1989	Cotonou	100.73529412	24,26
Benin	1988	Cotonou	103.67647059	24,26
Benin	1987	Cotonou	104.77941176	24,26
Benin	1986	Cotonou	105.6372549	24,26
Benin	1985	Cotonou	112.99019608	24,26
Benin	1984	Cotonou	125.49019608	24,26
Benin	1983	Cotonou	133.21078431	24,26
Benin	1982	Cotonou	122.54901961	24,26
Bermuda	2008	Not applicable	124.07513962	
Bermuda	2007	Not applicable	117.56750436	
Bermuda	2006	Not applicable	113.62897033	2
Bermuda	2005	Not applicable	111.43106457	
Bermuda	2004	Not applicable	108.20244328	
Bermuda	2003	Not applicable	105.58464223	
Bermuda	2002	Not applicable	103.4904014	
Bermuda	2001	Not applicable	102.0069808	
Bermuda	2000	Not applicable	100	
Bermuda	1999	Not applicable	97.818499127	
Bermuda	1998	Not applicable	95.811518325	
Bermuda	1997	Not applicable	93.630017452	
Bermuda	1996	Not applicable	91.27399651	
Bermuda	1995	Not applicable	88.394415358	
Bermuda	1994	Not applicable	85.95113438	
Bermuda	1993	Not applicable	85.078534031	
Bermuda	1992	Not applicable	83.507853403	
Bermuda	1991	Not applicable	83.071553229	
Bermuda	1990	Not applicable	80.715532286	2
Bermuda	1989	Not applicable	76.345781892	
Bermuda	1988	Not applicable	71.22693143	
Bermuda	1987	Not applicable	67.918406131	
Bermuda	1986	Not applicable	64.485030821	
Bermuda	1985	Not applicable	62.861980675	2
Bermuda	1984	Not applicable	62.073711287	
Bermuda	1983	Not applicable	60.001074634	
Bermuda	1982	Not applicable	57.542014198	
Bermuda	1981	Not applicable	55.153212632	
Bermuda	1980	Not applicable	48.689396629	
Bermuda	1979	Not applicable	40.504238321	
Bermuda	1978	Not applicable	36.499482755	14
Bermuda	1977	Not applicable	100	
Bermuda	1976	Not applicable	98.190045249	
Bermuda	1975	Not applicable	101.28205128	
Bermuda	1974	Not applicable	97.888386124	
Bermuda	1973	Not applicable	79.901960784	
Bermuda	1972	Not applicable	66.327300151	
Bermuda	1971	Not applicable	60.067873303	
Bermuda	1970	Not applicable	55.656108597	
Bermuda	1969	Not applicable	52.073906486	
Bhutan	2008	Not applicable	138.20112208	
Bhutan	2007	Not applicable	123.47131635	
Bhutan	2006	Not applicable	114.24385113	
Bhutan	2005	Not applicable	108.81179599	
Bhutan	2004	Not applicable	102.90782477	2
Bhutan	2003	Not applicable	104.48736709	
Bhutan	2002	Not applicable	103.55087309	
Bhutan	2001	Not applicable	101.52180275	
Bhutan	2000	Not applicable	100	
Bhutan	1999	Not applicable	99.053750854	
Bhutan	1998	Not applicable	93.629889767	
Bhutan	1997	Not applicable	84.011315969	
Bhutan	1996	Not applicable	81.035996488	
Bhutan	1995	Not applicable	74.129353234	
Bhutan	1994	Not applicable	67.349526875	
Bhutan	1993	Not applicable	65.496049166	
Bhutan	1992	Not applicable	60.208760121	
Bhutan	1991	Not applicable	51.038923032	
Bhutan	1990	Not applicable	45.039508341	
Bhutan	1989	Not applicable	41.625207297	
Bhutan	1988	Not applicable	38.396254024	
Bhutan	1987	Not applicable	34.679543459	
Bhutan	1986	Not applicable	32.601697395	
Bhutan	1985	Not applicable	30.865281436	
Bolivia	2008	Not applicable	174.51920487	28
Bolivia	2007	Not applicable	138.93734282	28
Bolivia	2006	Not applicable	122.17882177	28
Bolivia	2005	Not applicable	115.68837284	28
Bolivia	2004	Not applicable	109.34239392	28
Bolivia	2003	Not applicable	103.18369094	28
Bolivia	2002	Not applicable	99.689657017	28
Bolivia	2001	Not applicable	100.62068597	28
Bolivia	2000	Not applicable	100	28
Bolivia	1999	Not applicable	97.918561721	28
Bolivia	1998	Not applicable	99.470276633	28
Bolivia	1997	Not applicable	94.333565199	28
Bolivia	1996	Not applicable	91.230135374	28
Bolivia	1995	Not applicable	79.833056878	28
Bolivia	1994	Not applicable	71.271871154	28
Bolivia	1993	Not applicable	65.386055969	28
Bolivia	1992	Not applicable	61.265985339	28
Bolivia	1991	Not applicable	54.042484884	28
Bolivia	1990	Not applicable	44.411150944	28
Bolivia	1989	Not applicable	37.401680133	28
Bolivia	1988	Not applicable	32.693027984	28
Bosnia and Herzegovina	2008	Not applicable	124.8	29
Bosnia and Herzegovina	2007	Not applicable	111.4	29
Bosnia and Herzegovina	2006	Not applicable	108.3	29
Bosnia and Herzegovina	2005	Not applicable	100	29
Botswana	2008	Not applicable	207.69303797	
Botswana	2007	Not applicable	172.71816456	
Botswana	2006	Not applicable	155.23072785	2
Botswana	2005	Not applicable	137.93512658	
Botswana	2004	Not applicable	130.9335443	
Botswana	2003	Not applicable	125	
Botswana	2002	Not applicable	112.1835443	
Botswana	2001	Not applicable	102.61075949	
Botswana	2000	Not applicable	100	
Botswana	1999	Not applicable	95.490506329	
Botswana	1998	Not applicable	89.398734177	
Botswana	1997	Not applicable	84.17721519	
Botswana	1996	Not applicable	76.344936709	2
Botswana	1995	Not applicable	67.427133513	
Botswana	1994	Not applicable	60.823445179	
Botswana	1993	Not applicable	55.653452339	
Botswana	1992	Not applicable	48.962873369	2
Botswana	1991	Not applicable	41.24676504	
Botswana	1990	Not applicable	36.873556464	
Botswana	1989	Not applicable	33.002191495	
Botswana	1988	Not applicable	30.182308369	
Botswana	1987	Not applicable	27.816474221	
Botswana	1986	Not applicable	25.187769613	2
Botswana	1985	Not applicable	22.973318878	
Botswana	1984	Not applicable	20.960780199	
Botswana	1983	Not applicable	19.302650848	
Botswana	1982	Not applicable	17.10025003	
Botswana	1981	Not applicable	15.100368827	
Brazil	2008	Not applicable	182.29040487	30,31
Brazil	2007	Not applicable	161.24752391	30,31
Brazil	2006	Not applicable	151.00825127	30,31
Brazil	2005	Not applicable	150.97761183	30,31
Brazil	2004	Not applicable	146.46862664	30,31
Brazil	2003	Not applicable	140.82669479	30,31
Brazil	2002	Not applicable	117.00773824	30,31
Brazil	2001	Not applicable	106.703624	30,31
Brazil	2000	Not applicable	100	30,31
Brazil	1999	Not applicable	95.115503556	30,31
Brazil	1998	Not applicable	91.971042168	30,31
Brazil	1997	Not applicable	89.456470622	30,31
Brazil	1996	Not applicable	88.821592966	30,31
Brazil	1995	Not applicable	83.858004019	30,31
Brazil	1994	Not applicable	52.909321515	2,30,31
Brazil	1993	Not applicable	2.2229009058	30,31
Brazil	1992	Not applicable	0.1084702065	30,31
Brazil	1991	Not applicable	0.009887001	30,31
Brazil	1990	Not applicable	0.0020209212	2,30,31
Brazil	1989	Not applicable	7.42935E-05	30,31
Brazil	1988	Not applicable	5.1412891E-06	30,31
Brazil	1987	Not applicable	6.82716E-07	30,31
Brazil	1986	Not applicable	2.2928668E-07	30,31
Brazil	1985	Not applicable	9.629629E-08	30,31
Brazil	1984	Not applicable	2.9675352E-08	30,31
Brazil	1983	Not applicable	9.716506E-09	30,31
Brazil	1982	Not applicable	3.7037035E-09	30,31
Brazil	1981	Not applicable	1.9433012E-09	14,30,31
Brazil	1977	Not applicable	100	30,31
Brazil	1976	Not applicable	71.183520013	30,31
Brazil	1975	Not applicable	50.983003055	30,31
Brazil	1974	Not applicable	38.967650975	30,31
Brazil	1973	Not applicable	29.850395551	30,31
Brazil	1972	Not applicable	25.252604371	30,31
Brazil	1971	Not applicable	20.787968983	30,31
Brazil	1970	Not applicable	16.644474035	30,31
Brazil	1969	Not applicable	13.21375421	30,31
Brunei Darussalam	2008	Not applicable	109.92529711	
Brunei Darussalam	2007	Not applicable	104.6811545	
Brunei Darussalam	2006	Not applicable	102.46247878	
Brunei Darussalam	2005	Not applicable	102.15993209	
Brunei Darussalam	2004	Not applicable	101.65568761	
Brunei Darussalam	2003	Not applicable	100.04210526	
Brunei Darussalam	2002	Not applicable	100.84889643	2
Brunei Darussalam	2001	Not applicable	100.50933786	
Brunei Darussalam	2000	Not applicable	100	
Brunei Darussalam	1999	Not applicable	100	
Brunei Darussalam	1998	Not applicable	100.16977929	
Brunei Darussalam	1997	Not applicable	99.830220713	
Brunei Darussalam	1996	Not applicable	96.264855688	
Brunei Darussalam	1995	Not applicable	93.463497453	
Brunei Darussalam	1994	Not applicable	91.17147708	
Brunei Darussalam	1993	Not applicable	89.983022071	
Brunei Darussalam	1992	Not applicable	87.691001698	
Brunei Darussalam	1991	Not applicable	87.01188455	
Brunei Darussalam	1990	Not applicable	84.889643463	2
Brunei Darussalam	1989	Not applicable	84.731562191	
Brunei Darussalam	1988	Not applicable	84.204624615	
Brunei Darussalam	1987	Not applicable	82.834586918	
Brunei Darussalam	1986	Not applicable	82.044180554	
Brunei Darussalam	1985	Not applicable	81.569936736	
Brunei Darussalam	1984	Not applicable	80.726836615	
Brunei Darussalam	1983	Not applicable	78.302923766	
Brunei Darussalam	1982	Not applicable	77.617904917	
Brunei Darussalam	1981	Not applicable	71.136572735	
Brunei Darussalam	1980	Not applicable	63.337896613	
Brunei Darussalam	1979	Not applicable	58.490070915	
Brunei Darussalam	1979	Bandar Seri Begawan	100	32
Brunei Darussalam	1978	Bandar Seri Begawan	97.958167331	32
Brunei Darussalam	1978	Not applicable	55.749995521	
Brunei Darussalam	1977	Not applicable	52.693757581	
Brunei Darussalam	1977	Bandar Seri Begawan	95.418326693	32
Brunei Darussalam	1976	Bandar Seri Begawan	83.964143426	32
Brunei Darussalam	1975	Bandar Seri Begawan	78.087649402	32
Brunei Darussalam	1974	Bandar Seri Begawan	75.448207171	32
Brunei Darussalam	1973	Bandar Seri Begawan	62.848605578	32
Brunei Darussalam	1972	Bandar Seri Begawan	55.926294821	32
Brunei Darussalam	1971	Bandar Seri Begawan	56.87250996	32,33
Brunei Darussalam	1970	Bandar Seri Begawan	56.87250996	32,34
Brunei Darussalam	1969	Bandar Seri Begawan	56.324701195	32,34
Bulgaria	2008	Not applicable	163.36516308	35
Bulgaria	2007	Not applicable	139.97363059	35
Bulgaria	2006	Not applicable	123.38320881	35
Bulgaria	2005	Not applicable	117.03257555	35
Bulgaria	2004	Not applicable	112.50349594	35
Bulgaria	2003	Not applicable	105.44335238	35
Bulgaria	2002	Not applicable	106.47815201	35
Bulgaria	2001	Not applicable	106.51144672	35
Bulgaria	2000	Not applicable	100	35
Bulgaria	1999	Not applicable	90.704116558	14,35
Bulgaria	1998	Not applicable	2962.4	35
Bulgaria	1997	Not applicable	2665.57	35
Bulgaria	1996	Not applicable	222.68	35
Bulgaria	1995	Not applicable	100	2,35
Bulgaria	1994	Not applicable	62.585994002	35
Bulgaria	1993	Not applicable	32.66638107	35
Bulgaria	1992	Not applicable	20.908197465	35
Bulgaria	1991	Not applicable	11.959781267	35
Bulgaria	1990	Not applicable	2.5199707683	35,36
Bulgaria	1989	Not applicable	100	35
Bulgaria	1988	Not applicable	98.126951093	35
Bulgaria	1987	Not applicable	96.774193548	35
Bulgaria	1986	Not applicable	96.774193548	35
Bulgaria	1985	Not applicable	92.819979188	35
Bulgaria	1984	Not applicable	90.790842872	35
Bulgaria	1983	Not applicable	89.490114464	35
Bulgaria	1982	Not applicable	86.888657648	35
Bulgaria	1981	Not applicable	86.316337149	35
Bulgaria	1980	Not applicable	86.108220604	35
Bulgaria	1979	Not applicable	69.042663892	35
Bulgaria	1978	Not applicable	64.984391259	35
Bulgaria	1977	Not applicable	64.203954214	35
Bulgaria	1976	Not applicable	64.047866805	35
Bulgaria	1975	Not applicable	63.735691988	35
Bulgaria	1974	Not applicable	63.371488033	35
Bulgaria	1973	Not applicable	62.695109261	35
Bulgaria	1972	Not applicable	62.122788762	35
Bulgaria	1971	Not applicable	62.122788762	35
Bulgaria	1970	Not applicable	62.018730489	35
Bulgaria	1969	Not applicable	62.174817898	35
Burkina Faso	2008	Ouagadougou	145.40059347	37
Burkina Faso	2007	Ouagadougou	117.91295747	37
Burkina Faso	2006	Ouagadougou	119.98021761	37
Burkina Faso	2005	Ouagadougou	120.20771513	37
Burkina Faso	2004	Ouagadougou	104.93570722	37
Burkina Faso	2003	Ouagadougou	110.27695351	37
Burkina Faso	2002	Ouagadougou	112.16617211	37
Burkina Faso	2001	Ouagadougou	108.80316518	37
Burkina Faso	2000	Ouagadougou	100	37
Burkina Faso	1999	Ouagadougou	106.13254204	37
Burkina Faso	1998	Ouagadougou	113.05637982	2,37
Burkina Faso	1997	Ouagadougou	101.35900923	37
Burkina Faso	1996	Ouagadougou	98.911968348	37
Burkina Faso	1995	Ouagadougou	85.710826739	37
Burkina Faso	1994	Ouagadougou	76.631017145	37
Burkina Faso	1993	Ouagadougou	65.104166667	37
Burkina Faso	1992	Ouagadougou	68.96791543	37
Burkina Faso	1991	Ouagadougou	74.570351137	37
Burkina Faso	1990	Ouagadougou	68.066374052	37
Burkina Faso	1989	Ouagadougou	69.032311243	37
Burkina Faso	1988	Ouagadougou	72.058914441	37
Burkina Faso	1987	Ouagadougou	64.653395978	37
Burkina Faso	1986	Ouagadougou	72.896060007	37
Burkina Faso	1985	Ouagadougou	78.949266403	37
Burkina Faso	1984	Ouagadougou	76.502225519	37
Burkina Faso	1983	Ouagadougou	69.740665183	37
Burkina Faso	1982	Ouagadougou	66.778457798	37,38
Burkina Faso	1981	Ouagadougou	100	37
Burkina Faso	1980	Ouagadougou	86.260704091	37
Burkina Faso	1979	Ouagadougou	81.712654615	37,39
Burkina Faso	1978	Ouagadougou	69.952426261	37
Burkina Faso	1977	Ouagadougou	67.326355852	37
Burkina Faso	1976	Ouagadougou	52.464319696	37
Burkina Faso	1975	Ouagadougou	54.919124643	37
Burkina Faso	1974	Ouagadougou	39.676498573	37
Burkina Faso	1973	Ouagadougou	34.44338725	37
Burkina Faso	1972	Ouagadougou	28.35394862	37
Burkina Faso	1971	Ouagadougou	28.372978116	37
Burkina Faso	1970	Ouagadougou	27.059942912	37
Burkina Faso	1969	Ouagadougou	25.670789724	37
Burundi	2007	Bujumbura	151.64307381	
Burundi	2006	Bujumbura	139.50960566	
Burundi	2005	Bujumbura	139.35793731	
Burundi	2004	Bujumbura	119.03437816	
Burundi	2003	Bujumbura	107.53286148	
Burundi	2002	Bujumbura	95.500505561	
Burundi	2001	Bujumbura	100.60667341	
Burundi	2000	Bujumbura	100	
Burundi	1999	Bujumbura	77.199191102	
Burundi	1998	Bujumbura	76.415571284	
Burundi	1997	Bujumbura	67.896865521	
Burundi	1996	Bujumbura	50.278058645	
Burundi	1995	Bujumbura	40.546006067	
Burundi	1994	Bujumbura	33.77148635	
Burundi	1993	Bujumbura	28.690596562	
Burundi	1992	Bujumbura	24.747219414	
Burundi	1991	Bujumbura	25.278058645	2
Burundi	1990	Bujumbura	23.678336093	
Burundi	1989	Bujumbura	22.041978674	
Burundi	1988	Bujumbura	18.586089497	
Burundi	1987	Bujumbura	17.291657508	
Burundi	1986	Bujumbura	17.425985356	
Burundi	1985	Bujumbura	18.769263835	
Burundi	1984	Bujumbura	17.401562111	
Burundi	1983	Bujumbura	15.313374657	
Burundi	1982	Bujumbura	14.165482139	
Burundi	1981	Bujumbura	13.225187204	
Burundi	1980	Bujumbura	11.991813328	40
Burundi	1979	Bujumbura	11.113649618	
Burundi	1978	Bujumbura	8.4303716156	
Burundi	1977	Bujumbura	6.8822015196	
Burundi	1976	Bujumbura	6.4040901663	
Burundi	1975	Bujumbura	6.0268050169	
Burundi	1974	Bujumbura	5.0673298523	
Burundi	1973	Bujumbura	4.2347005569	
Burundi	1972	Bujumbura	3.9972711094	
Burundi	1971	Bujumbura	3.9224645712	
Burundi	1970	Bujumbura	3.7403269128	
Burundi	1969	Bujumbura	3.8476580329	
Cambodia	2008	Phnom Penh	181.70603113	41
Cambodia	2007	Phnom Penh	136.64237487	41
Cambodia	2006	Phnom Penh	124.22034079	41
Cambodia	2005	Phnom Penh	116.6430001	41
Cambodia	2004	Phnom Penh	107.58422424	41
Cambodia	2003	Phnom Penh	101.15799871	41
Cambodia	2002	Phnom Penh	99.676563542	41
Cambodia	2001	Phnom Penh	97.954895644	2,41
Cambodia	2000	Phnom Penh	100	41
Cambodia	1999	Phnom Penh	103.5088948	41
Cambodia	1998	Phnom Penh	96.217957697	41
Cambodia	1997	Phnom Penh	84.367558482	41
Cambodia	1996	Phnom Penh	79.086706822	41
Cambodia	1995	Phnom Penh	73.497688752	41
Cambodia	1994	Phnom Penh	74.184059392	41,42
Cameroon	2008	Not applicable	130.03823048	
Cameroon	2007	Not applicable	119.11523758	
Cameroon	2006	Not applicable	117.91370836	
Cameroon	2005	Not applicable	110.34953577	
Cameroon	2004	Not applicable	109.17531404	
Cameroon	2003	Not applicable	111.35991262	43
Cameroon	2002	Not applicable	112.12452212	
Cameroon	2001	Not applicable	106.99071546	
Cameroon	2000	Not applicable	100	
Cameroon	1999	Not applicable	97.760786455	
Cameroon	1998	Not applicable	96.777717094	
Cameroon	1997	Not applicable	93.719279082	
Cameroon	1996	Not applicable	87.547788094	
Cameroon	1995	Not applicable	84.926269798	
Cameroon	1994	Not applicable	78.372474058	
Canada	2008	Not applicable	124.0526738	
Canada	2007	Not applicable	119.87112299	2
Canada	2006	Not applicable	116.79144385	
Canada	2005	Not applicable	114.08199643	
Canada	2004	Not applicable	111.31907308	
Canada	2003	Not applicable	109.09090909	
Canada	2002	Not applicable	107.21925134	
Canada	2001	Not applicable	104.45632799	
Canada	2000	Not applicable	100	
Canada	1999	Not applicable	98.663101604	
Canada	1998	Not applicable	97.415329768	
Canada	1997	Not applicable	95.900178253	
Canada	1996	Not applicable	94.385026738	
Canada	1995	Not applicable	93.137254902	
Canada	1994	Not applicable	90.998217469	
Canada	1993	Not applicable	90.55258467	
Canada	1992	Not applicable	89.126559715	2
Canada	1991	Not applicable	89.421680773	
Canada	1990	Not applicable	85.363766217	
Canada	1989	Not applicable	81.969874042	
Canada	1988	Not applicable	79.09244372	
Canada	1987	Not applicable	77.02659631	
Canada	1986	Not applicable	73.780264665	2
Canada	1985	Not applicable	70.289084949	
Canada	1984	Not applicable	68.310749776	
Canada	1983	Not applicable	64.703197403	
Canada	1982	Not applicable	62.375744259	
Canada	1981	Not applicable	58.1863286	
Canada	1980	Not applicable	52.251323083	
Canada	1979	Not applicable	47.130926166	
Canada	1978	Not applicable	41.661411277	
Canada	1977	Not applicable	36.075523732	
Canada	1976	Not applicable	33.340766288	
Canada	1975	Not applicable	32.467971359	
Canada	1974	Not applicable	28.744046328	
Canada	1973	Not applicable	24.671003326	
Canada	1972	Not applicable	21.528941582	
Canada	1971	Not applicable	20.016097038	
Canada	1970	Not applicable	19.841538053	
Canada	1969	Not applicable	19.376047424	
Cape Verde	2008	Not applicable	117.69147789	44
Cape Verde	2007	Not applicable	107.87486516	44
Cape Verde	2006	Not applicable	102.69687163	44
Cape Verde	2005	Not applicable	96.44012945	44
Cape Verde	2004	Not applicable	96.548004315	44
Cape Verde	2003	Not applicable	100	44,45
Cape Verde	2001	Not applicable	105.27131783	44
Cape Verde	2000	Not applicable	100	44
Cape Verde	1999	Not applicable	101.75710594	44
Cape Verde	1998	Not applicable	98.294573643	44
Cape Verde	1997	Not applicable	94.005167959	44
Cape Verde	1996	Not applicable	85.374677003	44
Cape Verde	1995	Not applicable	80.930232558	44
Cape Verde	1994	Not applicable	72.661498708	44
Cape Verde	1993	Not applicable	71.317829457	44
Cape Verde	1992	Not applicable	68.785529716	44
Cape Verde	1991	Not applicable	63.30749354	44
Cape Verde	1990	Not applicable	57.881136951	44
Cape Verde	1989	Not applicable	51.679586563	44
Cayman Islands	2008	Not applicable	133.40142096	
Cayman Islands	2007	Not applicable	126.3410302	
Cayman Islands	2006	Not applicable	120.12433393	
Cayman Islands	2005	Not applicable	116.98046181	
Cayman Islands	2004	Not applicable	113.85435169	
Cayman Islands	2003	Not applicable	109.12966252	
Cayman Islands	2002	Not applicable	105.71047957	
Cayman Islands	2001	Not applicable	103.46358792	
Cayman Islands	2000	Not applicable	100	
Cayman Islands	1999	Not applicable	98.339253996	
Cayman Islands	1998	Not applicable	96.403197158	
Cayman Islands	1997	Not applicable	95.026642984	
Cayman Islands	1996	Not applicable	93.632326821	
Cayman Islands	1995	Not applicable	89.653641208	2
Cayman Islands	1994	Not applicable	88.279342103	
Cayman Islands	1993	Not applicable	86.35590039	
Cayman Islands	1992	Not applicable	83.901854065	
Cayman Islands	1991	Not applicable	84.432458676	
Cayman Islands	1990	Not applicable	81.779435622	
Cayman Islands	1989	Not applicable	75.544831447	
Cayman Islands	1988	Not applicable	71.963250325	
Cayman Islands	1987	Not applicable	70.636738798	
Cayman Islands	1986	Not applicable	69.509204	
Cayman Islands	1985	Not applicable	67.784739015	
Central African Republic	2008	Bangui	134.88545551	
Central African Republic	2007	Bangui	121.097496	
Central African Republic	2006	Bangui	118.86521044	
Central African Republic	2005	Bangui	110.92168354	
Central African Republic	2004	Bangui	107.19232818	
Central African Republic	2003	Bangui	112.41342568	
Central African Republic	2002	Bangui	106.81939265	
Central African Republic	2001	Bangui	104.74160895	
Central African Republic	2000	Bangui	100	
Central African Republic	1999	Bangui	96.270644646	
Central African Republic	1998	Bangui	99.360681939	
Central African Republic	1997	Bangui	102.1310602	
Central African Republic	1996	Bangui	101.49174214	
Central African Republic	1995	Bangui	95.89770911	
Central African Republic	1994	Bangui	77.943526905	
Central African Republic	1993	Bangui	62.599893447	
Central African Republic	1992	Bangui	65.316995205	
Central African Republic	1991	Bangui	66.062866276	
Central African Republic	1990	Bangui	68.886521044	
Central African Republic	1989	Bangui	68.407032499	
Central African Republic	1988	Bangui	67.714437933	
Central African Republic	1987	Bangui	70.591369206	
Central African Republic	1986	Bangui	78.31646244	
Central African Republic	1985	Bangui	78.31646244	
Central African Republic	1984	Bangui	70.804475226	
Central African Republic	1983	Bangui	70.751198721	
Central African Republic	1982	Bangui	57.272242941	
Central African Republic	1982	Bangui, Europ.	100	7
Central African Republic	1981	Bangui, Europ.	87.083753784	7
Central African Republic	1981	Bangui	53.276505061	
Central African Republic	1980	Bangui, Europ.	79.868819374	7
Central African Republic	1979	Bangui, Europ.	68.617558022	7
Central African Republic	1978	Bangui, Europ.	62.764883956	7
Central African Republic	1977	Bangui, Europ.	58.022199798	7
Central African Republic	1976	Bangui, Europ.	50.454086781	2,7
Central African Republic	1975	Bangui, Europ.	46.320947569	7
Central African Republic	1974	Bangui, Europ.	40.288798448	7
Central African Republic	1973	Bangui, Europ.	36.75142705	7
Central African Republic	1972	Bangui, Europ.	34.722092932	7
Central African Republic	1971	Bangui, Europ.	31.687400628	7
Central African Republic	1970	Bangui, Europ.	29.322947114	7
Central African Republic	1969	Bangui, Europ.	28.876121254	7
Chad	2008	N'Djamena	151.16922753	46
Chad	2007	N'Djamena	129.85595525	2,46
Chad	2006	N'Djamena	143.9518854	46
Chad	2005	N'Djamena	129.17134711	46
Chad	2004	N'Djamena	115.97443793	46
Chad	2003	N'Djamena	122.57289252	46
Chad	2002	N'Djamena	125.79293836	2,46
Chad	2001	N'Djamena	119.32974267	46
Chad	2000	N'Djamena	100	46
Chad	1999	N'Djamena	92.878515859	46
Chad	1998	N'Djamena	105.98444045	46
Chad	1997	N'Djamena	102.6929982	46
Chad	1996	N'Djamena	94.7336924	46
Chad	1995	N'Djamena	82.824655895	46
Chad	1994	N'Djamena	78.635547576	46
Chad	1993	N'Djamena	51.885098743	46
Chad	1992	N'Djamena	60.203470975	46
Chad	1991	N'Djamena	63.195691203	46
Chad	1990	N'Djamena	57.749850389	46
Chad	1989	N'Djamena	57.869539198	46
Chad	1988	N'Djamena	62.537402753	14,46
Chad	1987	N'Djamena	100	46,47
Chad	1986	N'Djamena	116.73960613	46
Chad	1985	N'Djamena	158.20568928	46
Chad	1984	N'Djamena	157.00218818	46
Chad	1983	N'Djamena	116.52078775	46
Chad	1978	N'Djamena	100	48,49
Chad	1977	N'Djamena	89.916506101	48,49
Chad	1976	N'Djamena	79.319203597	48,49
Chad	1975	N'Djamena	81.181759794	48,49
Chad	1974	N'Djamena	70.58445729	2,48,49
Chad	1973	N'Djamena	63.55511272	48,49
Chad	1972	N'Djamena	59.566610045	48,49
Chad	1971	N'Djamena	58.187408185	48,49
Chad	1970	N'Djamena	54.869868577	48,49
Chad	1969	N'Djamena	49.390336864	48,49
Chile	2008	Santiago	139.83893418	
Chile	2007	Santiago	120.49115132	
Chile	2006	Santiago	110.63829787	
Chile	2005	Santiago	107.44680851	
Chile	2004	Santiago	104.35474249	
Chile	2003	Santiago	105.81626566	
Chile	2002	Santiago	102.93298867	
Chile	2001	Santiago	100.79538676	
Chile	2000	Santiago	100	
Chile	1999	Santiago	98.627957845	
Chile	1998	Santiago	98.339630145	2
Chile	1997	Santiago	94.823216587	
Chile	1996	Santiago	88.497460061	
Chile	1995	Santiago	83.440642719	
Chile	1994	Santiago	77.035972064	
Chile	1993	Santiago	70.186225726	
Chile	1992	Santiago	63.301757172	
Chile	1991	Santiago	53.664763822	
Chile	1990	Santiago	42.651508073	
Chile	1989	Santiago	33.8629363	2
Chile	1988	Santiago	28.042935572	
Chile	1987	Santiago	24.758939431	
Chile	1986	Santiago	19.950383314	
Chile	1985	Santiago	16.102257278	
Chile	1984	Santiago	12.548367046	
Chile	1983	Santiago	10.365299651	
Chile	1982	Santiago	8.2424459693	
Chile	1981	Santiago	7.9550429261	
Chile	1980	Santiago	6.9634383698	
Chile	1979	Santiago	5.1177385885	
Chile	1978	Santiago	3.9050101877	
Chile	1977	Santiago	2.9006703883	
Chile	1976	Santiago	1.5574267567	
Chile	1975	Santiago	0.4979355091	
Chile	1974	Santiago	0.1083324988	
Chile	1973	Santiago	0.0176533796	
Chile	1972	Santiago	0.0037048644	
Chile	1971	Santiago	0.0017212154	
Chile	1970	Santiago	0.0013900588	
Chile	1969	Santiago	0.0010269641	
China	2007	Not applicable	133.53315995	
China	2006	Not applicable	118.9076723	
China	2005	Not applicable	116.22886866	
China	2004	Not applicable	112.95188557	
China	2003	Not applicable	102.78283485	
China	2002	Not applicable	99.401820546	
China	2001	Not applicable	100	
China	2000	Not applicable	100	
China	1999	Not applicable	102.66579974	
China	1998	Not applicable	107.16514954	
China	1997	Not applicable	110.70221066	
China	1996	Not applicable	110.81924577	
China	1995	Not applicable	102.99089727	
China	1994	Not applicable	83.797139142	
China	1993	Not applicable	63.589076723	
China	1992	Not applicable	54.577373212	
China	1991	Not applicable	49.297789337	
China	1990	Not applicable	48.101430429	
China	1989	Not applicable	47.581274382	
China	1988	Not applicable	40.637191157	
China	1987	Not applicable	33.66710013	
China	1986	Not applicable	30.910273082	
China	1985	Not applicable	28.77763329	
China	1984	Not applicable	25.461638492	
China	1983	Not applicable	23.511053316	
China	1982	Not applicable	23.237971391	
China	1981	Not applicable	22.535760728	
China	1980	Not applicable	22.78283485	
China	1979	Not applicable	20.598179454	
China	1978	Not applicable	20.039011704	
China	1977	Not applicable	20.013003901	
China	1976	Not applicable	19.986996099	
China	1975	Not applicable	19.986996099	
China	1974	Not applicable	19.934980494	
Colombia	2008	Not applicable	182.55894591	50
Colombia	2007	Not applicable	162.5	50
Colombia	2006	Not applicable	150.52877947	50
Colombia	2005	Not applicable	143.14320388	50
Colombia	2004	Not applicable	134.61338419	50
Colombia	2003	Not applicable	127.20180305	50
Colombia	2002	Not applicable	118.41192788	50
Colombia	2001	Not applicable	108.68585298	50
Colombia	2000	Not applicable	100	50
Colombia	1999	Not applicable	91.709691401	50
Colombia	1998	Not applicable	86.924237171	2,50
Colombia	1997	Not applicable	70.841321701	50
Colombia	1996	Not applicable	60.87404682	50
Colombia	1995	Not applicable	52.262095436	50
Colombia	1994	Not applicable	43.752820074	50
Colombia	1993	Not applicable	36.141959909	50
Colombia	1992	Not applicable	31.448382231	50
Colombia	1991	Not applicable	24.254643407	50
Colombia	1990	Not applicable	18.674201586	50
Colombia	1989	Not applicable	14.681387763	2,50
Colombia	1988	Not applicable	11.828407475	50
Colombia	1987	Not applicable	8.921210348	50
Colombia	1986	Not applicable	7.033224124	50
Colombia	1985	Not applicable	5.8971534972	50
Colombia	1984	Not applicable	4.485524756	50
Colombia	1983	Not applicable	3.8794542912	50
Colombia	1982	Not applicable	3.215544165	50
Colombia	1981	Not applicable	2.5646184526	50
Colombia	1980	Not applicable	1.9948781152	50
Colombia	1979	Not applicable	1.5476371965	50
Colombia	1978	Not applicable	1.2617177822	50
Colombia	1977	Not applicable	1.121381189	50
Colombia	1976	Not applicable	0.7829994969	50
Colombia	1975	Not applicable	0.6518438023	50
Colombia	1974	Not applicable	0.512818766	50
Colombia	1973	Not applicable	0.3974017547	50
Colombia	1972	Not applicable	0.3069043254	50
Colombia	1971	Not applicable	0.2662460601	50
Colombia	1970	Not applicable	0.2360802503	50
Colombia	1969	Not applicable	0.2229646809	50
Congo	2006	Brazzaville, Afric.	105.28987443	
Congo	2005	Brazzaville, Afric.	95.645204382	
Congo	2004	Brazzaville, Afric.	90.78279455	
Congo	2003	Brazzaville, Afric.	96.927598183	
Congo	2002	Brazzaville, Afric.	102.93881913	
Congo	2001	Brazzaville, Afric.	98.316858135	
Congo	2000	Brazzaville, Afric.	100	
Congo	1999	Brazzaville, Afric.	105.4768902	
Congo	1998	Brazzaville, Afric.	100.66791344	
Congo	1997	Brazzaville, Afric.	101.09537804	
Congo	1996	Brazzaville, Afric.	81.084691424	
Congo	1996	Brazzaville, Europ.	213.80944025	1
Congo	1995	Brazzaville, Europ.	204.7025794	1
Congo	1995	Brazzaville, Afric.	75.607801229	
Congo	1994	Brazzaville, Afric.	70.82554101	
Congo	1994	Brazzaville, Europ.	167.74872785	1
Congo	1993	Brazzaville, Europ.	103.63221618	1
Congo	1993	Brazzaville, Afric.	47.982901416	
Congo	1992	Brazzaville, Afric.	44.937216137	
Congo	1992	Brazzaville, Europ.	101.94771012	1
Congo	1991	Brazzaville, Europ.	100.40357958	1
Congo	1991	Brazzaville, Afric.	48.91798023	
Congo	1990	Brazzaville, Afric.	50.86828747	
Congo	1990	Brazzaville, Europ.	100	1
Congo	1989	Brazzaville, Europ.	96.824004211	1
Congo	1989	Brazzaville, Afric.	50.093507881	
Congo	1988	Brazzaville, Afric.	50.333956719	
Congo	1988	Brazzaville, Europ.	93.226881909	1
Congo	1987	Brazzaville, Europ.	90.296543253	1
Congo	1987	Brazzaville, Afric.	53.406358536	
Congo	1986	Brazzaville, Afric.	53.112476623	
Congo	1986	Brazzaville, Europ.	90.524653448	1
Congo	1985	Brazzaville, Europ.	88.419020881	1
Congo	1985	Brazzaville, Afric.	54.288004275	
Congo	1984	Brazzaville, Afric.	51.536200908	
Congo	1984	Brazzaville, Europ.	85.71679242	1
Congo	1983	Brazzaville, Europ.	77.381996842	1
Congo	1983	Brazzaville, Afric.	45.818861876	
Congo	1982	Brazzaville, Afric.	41.75794817	
Congo	1982	Brazzaville, Europ.	69.520968591	1
Congo	1981	Brazzaville, Europ.	62.905772943	1
Congo	1981	Brazzaville, Afric.	35.746727224	
Congo	1980	Brazzaville, Afric.	31.391931606	
Congo	1980	Brazzaville, Europ.	50.658010177	1
Congo	1979	Brazzaville, Europ.	48.359361291	1
Congo	1978	Brazzaville, Europ.	41.972275838	1
Congo	1976	Brazzaville, Europ.	33.830496578	1
Congo	1975	Brazzaville, Europ.	31.882786454	1
Congo	1974	Brazzaville, Europ.	27.478505001	1
Congo	1973	Brazzaville, Europ.	25.987015266	1
Congo	1972	Brazzaville, Europ.	24.758729602	1
Congo	1971	Brazzaville, Europ.	22.460080716	1
Congo	1970	Brazzaville, Europ.	21.407264432	1
Congo	1969	Brazzaville, Europ.	21.266888928	1
Congo, Democratic Republic of	1981	Kinshasa	100	51
Congo, Democratic Republic of	1980	Kinshasa	71.839614901	51
Congo, Democratic Republic of	1979	Kinshasa	59.241835786	51
Congo, Democratic Republic of	1978	Kinshasa	30.102291997	51
Congo, Democratic Republic of	1977	Kinshasa	19.172911766	51
Congo, Democratic Republic of	1976	Kinshasa	10.836387506	51
Congo, Democratic Republic of	1975	Kinshasa	5.4701602757	2,51
Congo, Democratic Republic of	1974	Kinshasa	4.202242331	51
Congo, Democratic Republic of	1973	Kinshasa	3.245107281	51
Congo, Democratic Republic of	1972	Kinshasa	2.7856061913	51
Congo, Democratic Republic of	1971	Kinshasa	2.3165718839	51
Congo, Democratic Republic of	1970	Kinshasa	2.1011211655	51
Congo, Democratic Republic of	1969	Kinshasa	1.9066435259	51
Cook Islands	2008	Rarotonga	132.85226811	52
Cook Islands	2007	Rarotonga	125.47367444	2,52
Cook Islands	2006	Rarotonga	125.20553245	52
Cook Islands	2005	Rarotonga	122.32324209	52
Cook Islands	2004	Rarotonga	120.94980172	52
Cook Islands	2003	Rarotonga	119.91488539	52
Cook Islands	2002	Rarotonga	116.8875133	52
Cook Islands	2001	Rarotonga	109.35293549	52
Cook Islands	2000	Rarotonga	100	52
Cook Islands	1999	Rarotonga	96.759841377	52
Cook Islands	1998	Rarotonga	96.334268304	2,52
Cook Islands	1997	Rarotonga	94.909439357	52
Cook Islands	1996	Rarotonga	95.067753684	52
Cook Islands	1995	Rarotonga	95.701010994	52
Cook Islands	1994	Rarotonga	96.017639649	52
Cook Islands	1993	Rarotonga	94.197024883	52
Cook Islands	1992	Rarotonga	88.181080436	52
Cook Islands	1991	Rarotonga	85.173108213	52
Cook Islands	1990	Rarotonga	83.352493447	52
Cook Islands	1989	Rarotonga	80.26536406	52
Cook Islands	1988	Rarotonga	75.040991251	52
Cook Islands	1987	Rarotonga	69.34167546	52
Cook Islands	1986	Rarotonga	62.692473703	52
Cook Islands	1985	Rarotonga	56.676529257	2,52
Cook Islands	1984	Rarotonga	51.332265046	52
Cook Islands	1983	Rarotonga	45.775444873	52
Cook Islands	1982	Rarotonga	43.07294763	52
Cook Islands	1981	Rarotonga	38.578907271	2,52
Cook Islands	1980	Rarotonga	31.615795551	52
Cook Islands	1979	Rarotonga	28.031507569	52
Cook Islands	1978	Rarotonga	25.138924285	52
Cook Islands	1977	Rarotonga	22.784333545	52
Cook Islands	1976	Rarotonga	18.962490414	52
Cook Islands	1975	Rarotonga	15.18256878	52
Cook Islands	1974	Rarotonga	13.051559357	52
Cook Islands	1973	Rarotonga	11.731032205	52
Cook Islands	1972	Rarotonga	10.606138706	52
Cook Islands	1971	Rarotonga	9.5301536201	52
Cook Islands	1970	Rarotonga	8.3493647918	52
Cook Islands	1969	Rarotonga	7.8952152424	52
Costa Rica	2008	Not applicable	123.89334714	53,54
Costa Rica	2007	Not applicable	100	53,54,55
Costa Rica	2005	Not applicable	176.48568409	53,54
Costa Rica	2004	Not applicable	151.58254919	53,54
Costa Rica	2003	Not applicable	133.28636844	53,54
Costa Rica	2002	Not applicable	121.81854778	53,54
Costa Rica	2001	Not applicable	110.81366678	53,54
Costa Rica	2000	Not applicable	100	53,54
Costa Rica	1999	Not applicable	91.078347507	53,54
Costa Rica	1998	Not applicable	83.022190912	53,54
Costa Rica	1997	Not applicable	72.601016454	53,54
Costa Rica	1996	Not applicable	63.236552106	53,54
Costa Rica	1995	Not applicable	53.238061692	53,54,56
Costa Rica	1994	Not applicable	196.67345426	53,54
Costa Rica	1993	Not applicable	173.39261584	53,54
Costa Rica	1992	Not applicable	156.10914956	53,54
Costa Rica	1991	Not applicable	125.95976013	53,54
Costa Rica	1990	Not applicable	100	53,54
Costa Rica	1989	Not applicable	84.570357501	53,54
Costa Rica	1988	Not applicable	71.73245655	53,54
Costa Rica	1987	Not applicable	59.669836288	53,54
Costa Rica	1986	Not applicable	52.007323133	53,54
Costa Rica	1985	Not applicable	46.497537161	53,54
Costa Rica	1984	Not applicable	41.419915684	53,54
Côte d'Ivoire	2008	Abidjan, Afric.	137.77777778	26,57
Côte d'Ivoire	2007	Abidjan, Afric.	123.76	26,57
Côte d'Ivoire	2006	Abidjan, Afric.	117.51111111	26,57
Côte d'Ivoire	2005	Abidjan, Afric.	114.33777778	26,57
Côte d'Ivoire	2004	Abidjan, Afric.	111.64444444	26,57
Côte d'Ivoire	2003	Abidjan, Afric.	116.10666667	26,57
Côte d'Ivoire	2002	Abidjan, Afric.	111.64444444	26,57
Côte d'Ivoire	2001	Abidjan, Afric.	105.68888889	26,57
Côte d'Ivoire	2000	Abidjan, Afric.	100	26,57
Côte d'Ivoire	1999	Abidjan, Afric.	100	26,57
Côte d'Ivoire	1998	Abidjan, Afric.	104.71111111	26,57
Côte d'Ivoire	1996	Abidjan, Afric.	88.888888889	26,57,58
Côte d'Ivoire	1994	Abidjan, Afric.	130.72704982	2,26,57
Côte d'Ivoire	1994	Abidjan, Europ.	142.18170581	59
Côte d'Ivoire	1993	Abidjan, Europ.	101.96229913	59
Côte d'Ivoire	1993	Abidjan, Afric.	106.72884744	26,57
Côte d'Ivoire	1992	Abidjan, Afric.	103.26449034	26,57
Côte d'Ivoire	1992	Abidjan, Europ.	102.14771323	59
Côte d'Ivoire	1991	Abidjan, Europ.	100	59
Côte d'Ivoire	1991	Abidjan, Afric.	100	26,57
Côte d'Ivoire	1990	Abidjan, Afric.	97.534976682	26,57,60
Côte d'Ivoire	1990	Abidjan, Europ.	99.737330037	59,60
Côte d'Ivoire	1989	Abidjan, Europ.	98.254017305	59,61
Côte d'Ivoire	1989	Abidjan, Afric.	98.867421719	26,57,61
Côte d'Ivoire	1988	Abidjan, Afric.	97.934710193	26,57
Côte d'Ivoire	1988	Abidjan, Europ.	94.12855377	59
Côte d'Ivoire	1987	Abidjan, Europ.	90.760197775	59
Côte d'Ivoire	1987	Abidjan, Afric.	87.341772152	26,57
Côte d'Ivoire	1986	Abidjan, Afric.	78.014656895	26,57
Côte d'Ivoire	1986	Abidjan, Europ.	88.890605686	59
Côte d'Ivoire	1985	Abidjan, Europ.	90.265760198	59
Côte d'Ivoire	1985	Abidjan, Afric.	70.952698201	2,26,57
Côte d'Ivoire	1984	Abidjan, Afric.	69.805428478	26,57
Côte d'Ivoire	1984	Abidjan, Europ.	82.49381953	59
Côte d'Ivoire	1983	Abidjan, Europ.	78.677379481	59
Côte d'Ivoire	1983	Abidjan, Afric.	66.511973153	26,57
Côte d'Ivoire	1982	Abidjan, Afric.	63.742701409	26,57
Côte d'Ivoire	1982	Abidjan, Europ.	74.181087763	59
Côte d'Ivoire	1981	Abidjan, Europ.	65.327564895	59
Côte d'Ivoire	1981	Abidjan, Afric.	61.151454276	26,57
Côte d'Ivoire	1980	Abidjan, Afric.	58.134926126	26,57
Côte d'Ivoire	1980	Abidjan, Europ.	56.674907293	59
Côte d'Ivoire	1979	Abidjan, Europ.	51.421508035	59
Côte d'Ivoire	1979	Abidjan, Afric.	48.907317062	26,57
Côte d'Ivoire	1978	Abidjan, Afric.	40.144550042	26,57
Côte d'Ivoire	1978	Abidjan, Europ.	46.739802225	59
Côte d'Ivoire	1977	Abidjan, Afric.	36.069764474	26,57
Côte d'Ivoire	1977	Abidjan, Europ.	43.077873918	59
Côte d'Ivoire	1976	Abidjan, Europ.	38.427070457	59
Côte d'Ivoire	1976	Abidjan, Afric.	25.764117482	26,57
Côte d'Ivoire	1975	Abidjan, Afric.	24.013542129	26,57
Côte d'Ivoire	1975	Abidjan, Europ.	33.745364648	59
Côte d'Ivoire	1974	Abidjan, Europ.	26.869592089	59
Côte d'Ivoire	1974	Abidjan, Afric.	21.758563708	26,57
Côte d'Ivoire	1973	Abidjan, Afric.	18.425547358	26,57
Côte d'Ivoire	1973	Abidjan, Europ.	22.898640297	59
Côte d'Ivoire	1972	Abidjan, Europ.	22.064276885	59
Côte d'Ivoire	1972	Abidjan, Afric.	15.656275614	26,57
Côte d'Ivoire	1971	Abidjan, Afric.	15.834300226	26,57
Côte d'Ivoire	1971	Abidjan, Europ.	21.029048208	59
Côte d'Ivoire	1970	Abidjan, Europ.	19.962917182	59
Côte d'Ivoire	1970	Abidjan, Afric.	16.121117657	26,57
Côte d'Ivoire	1969	Abidjan, Afric.	14.30131051	26,57
Côte d'Ivoire	1969	Abidjan, Europ.	19.097651422	59
Croatia	2008	Not applicable	128.56913161	
Croatia	2007	Not applicable	116.87099603	
Croatia	2006	Not applicable	113.11876387	
Croatia	2005	Not applicable	110.35976962	2
Croatia	2004	Not applicable	105.45942833	
Croatia	2003	Not applicable	104.03016212	
Croatia	2002	Not applicable	102.29462457	
Croatia	2001	Not applicable	102.09044369	2
Croatia	2000	Not applicable	100	
Croatia	1999	Not applicable	99.616040956	
Croatia	1998	Not applicable	99.146757679	
Croatia	1997	Not applicable	93.174061433	
Croatia	1996	Not applicable	89.249146758	
Croatia	1995	Not applicable	86.476109215	
Croatia	1994	Not applicable	85.793515358	
Croatia	1993	Not applicable	42.662116041	2
Croatia	1992	Not applicable	2.9267696234	
Croatia	1991	Not applicable	0.3565413055	
Croatia	1990	Not applicable	0.1597407283	2
Croatia	1989	Not applicable	0.0247506556	
Croatia	1988	Not applicable	0.0019298727	
Croatia	1987	Not applicable	0.000637977	
Croatia	1986	Not applicable	0.0002936963	
Croatia	1985	Not applicable	0.0001532862	2
Croatia	1984	Not applicable	8.969E-05	
Croatia	1983	Not applicable	6.02766E-05	
Croatia	1982	Not applicable	4.1536E-05	
Croatia	1981	Not applicable	2.97496E-05	
Croatia	1980	Not applicable	2.10096E-05	
Cuba	2008	Not applicable	126.34306788	62
Cuba	2007	Not applicable	124.65862653	62
Cuba	2006	Not applicable	117.82119007	62
Cuba	2005	Not applicable	110.2661218	62
Cuba	2004	Not applicable	106.97697598	62
Cuba	2003	Not applicable	110.24618758	62
Cuba	2002	Not applicable	113.50543207	62
Cuba	2001	Not applicable	114.29283365	62
Cuba	2000	Not applicable	100	62
Cuba	1999	Not applicable	99.671085418	62
Cyprus	2008	Not applicable	143.82476262	63
Cyprus	2007	Not applicable	133.69659867	63
Cyprus	2006	Not applicable	126.66248002	2,63
Cyprus	2005	Not applicable	120.86114506	63
Cyprus	2004	Not applicable	118.97151452	63
Cyprus	2003	Not applicable	114.43076055	63
Cyprus	2002	Not applicable	108.86528156	63
Cyprus	2001	Not applicable	104.09890007	63
Cyprus	2000	Not applicable	100	63
Cyprus	1999	Not applicable	94.801165742	63,64
Cyprus	1998	Not applicable	144.52214505	63
Cyprus	1997	Not applicable	138.80202829	63
Cyprus	1996	Not applicable	131.89645475	63
Cyprus	1995	Not applicable	127.90273138	63
Cyprus	1994	Not applicable	126.21086586	2,63
Cyprus	1993	Not applicable	117.4194648	63
Cyprus	1992	Not applicable	115.09289245	63
Cyprus	1991	Not applicable	106.79222771	63
Cyprus	1990	Not applicable	100	63
Cyprus	1989	Not applicable	95.50877791	63
Cyprus	1988	Not applicable	91.315834328	63
Cyprus	1987	Not applicable	87.710925516	63
Cyprus	1986	Not applicable	85.222430544	2,63
Cyprus	1985	Not applicable	82.852262643	63
Cyprus	1984	Not applicable	79.154541682	63
Cyprus	1983	Not applicable	73.028370003	63
Cyprus	1982	Not applicable	70.017091112	63
Cyprus	1981	Not applicable	64.758685823	2,63
Cyprus	1980	Not applicable	58.092287836	63
Cyprus	1979	Not applicable	50.705543774	63
Cyprus	1978	Not applicable	47.500216864	63
Cyprus	1977	Not applicable	44.955562389	63,65
Cyprus	1976	Not applicable	100	63
Cyprus	1975	Not applicable	97.436659484	63
Cyprus	1974	Not applicable	89.263689724	63,66
Cyprus	1973	Not applicable	74.299725091	2,63
Cyprus	1972	Not applicable	68.479163013	63
Cyprus	1971	Not applicable	64.170724035	63
Cyprus	1970	Not applicable	61.179833492	63
Cyprus	1969	Not applicable	60.379297734	63
Czech Republic	2008	Not applicable	127.9264214	67
Czech Republic	2007	Not applicable	117.97658863	67
Czech Republic	2006	Not applicable	111.53846154	67
Czech Republic	2005	Not applicable	110.28428094	67
Czech Republic	2004	Not applicable	109.03010033	67
Czech Republic	2003	Not applicable	104.01337793	67
Czech Republic	2002	Not applicable	104.34782609	67
Czech Republic	2001	Not applicable	104.26421405	67
Czech Republic	2000	Not applicable	100	2,67
Czech Republic	1999	Not applicable	98.185941043	67
Czech Republic	1998	Not applicable	100.68027211	67
Czech Republic	1997	Not applicable	94.784580499	67
Czech Republic	1996	Not applicable	90.249433107	67
Czech Republic	1995	Not applicable	83.597883598	67
Czech Republic	1994	Not applicable	75.585789872	14,67
Czech Republic	1993	Not applicable	183.72513562	67
Czech Republic	1992	Not applicable	157.5045208	67
Czech Republic	1991	Not applicable	144.30379747	67
Czech Republic	1990	Not applicable	100	67
Denmark	2008	Not applicable	123.8	
Denmark	2007	Not applicable	115.1	
Denmark	2006	Not applicable	110.2	
Denmark	2005	Not applicable	107.3	
Denmark	2004	Not applicable	106.6	
Denmark	2003	Not applicable	107.7	
Denmark	2002	Not applicable	106.1	
Denmark	2001	Not applicable	103.9	
Denmark	2000	Not applicable	100	2
Denmark	1999	Not applicable	97.668525089	
Denmark	1998	Not applicable	97.009630005	
Denmark	1997	Not applicable	95.032944754	
Denmark	1996	Not applicable	91.83983781	
Denmark	1995	Not applicable	90.319310694	
Denmark	1994	Not applicable	87.633046123	
Denmark	1993	Not applicable	85.1495185	
Denmark	1992	Not applicable	85.402939686	
Denmark	1991	Not applicable	83.983781044	
Denmark	1990	Not applicable	83.476938672	
Denmark	1989	Not applicable	83.223517486	
Denmark	1988	Not applicable	79.827673594	
Denmark	1987	Not applicable	77.141409022	
Denmark	1986	Not applicable	76.381145464	
Denmark	1985	Not applicable	74.911302585	
Denmark	1984	Not applicable	71.92093259	
Denmark	1983	Not applicable	66.092245312	
Denmark	1982	Not applicable	62.848454131	
Denmark	1981	Not applicable	56.766345666	
Denmark	1980	Not applicable	50.684237202	2
Denmark	1979	Not applicable	46.020043595	
Denmark	1978	Not applicable	43.532473671	
Denmark	1977	Not applicable	40.112065025	
Denmark	1976	Not applicable	34.825978937	
Denmark	1975	Not applicable	31.09462405	2
Denmark	1974	Not applicable	27.985161645	
Denmark	1973	Not applicable	25.000077737	
Denmark	1972	Not applicable	22.014993828	
Denmark	1971	Not applicable	20.149316385	
Denmark	1970	Not applicable	19.029909919	
Denmark	1969	Not applicable	17.537367964	
Djibouti	1982	Europ.	100	7
Djibouti	1981	Europ.	106.81818182	7
Djibouti	1980	Europ.	101.81818182	7
Djibouti	1979	Europ.	95.9375	7
Djibouti	1978	Europ.	85.426136364	7
Djibouti	1977	Europ.	67.8125	7
Djibouti	1976	Europ.	50.539772727	7
Djibouti	1975	Europ.	44.318181818	7
Djibouti	1974	Europ.	39.346590909	7
Djibouti	1973	Europ.	34.318181818	7
Djibouti	1972	Europ.	32.244318182	7
Djibouti	1971	Europ.	29.204545455	7
Djibouti	1970	Europ.	28.409090909	7
Dominica	2008	Not applicable	131.46368051	9
Dominica	2007	Not applicable	117.71875929	9
Dominica	2006	Not applicable	111.75304727	9
Dominica	2005	Not applicable	107.36299673	9
Dominica	2004	Not applicable	104.76662372	9
Dominica	2003	Not applicable	101.9225052	9
Dominica	2002	Not applicable	101.5360222	9
Dominica	2001	Not applicable	100	9,11
Dominica	2000	Not applicable	100	9
Dominica	1999	Not applicable	100.32974493	9
Dominica	1998	Not applicable	100.02909514	9
Dominica	1997	Not applicable	100.07758704	9
Dominica	1996	Not applicable	96.59586849	9
Dominica	1995	Not applicable	94.75317622	9
Dominica	1994	Not applicable	93.20143536	2,9
Dominica	1993	Not applicable	96.886819901	9
Dominica	1992	Not applicable	94.854229274	9
Dominica	1991	Not applicable	87.401396974	9
Dominica	1990	Not applicable	83.132956656	9
Dominica	1989	Not applicable	84.691276137	9
Dominica	1988	Not applicable	78.390245193	9
Dominica	1987	Not applicable	76.018889461	9
Dominica	1986	Not applicable	70.124376642	9
Dominica	1985	Not applicable	68.633810182	9
Dominica	1984	Not applicable	68.430551119	2,9
Dominica	1983	Not applicable	67.822623432	9
Dominica	1982	Not applicable	68.110007429	9
Dominica	1981	Not applicable	66.872045594	9
Dominica	1980	Not applicable	57.731023824	9
Dominica	1979	Not applicable	41.947010418	9,68
Dominica	1978	Not applicable	34.718197555	9
Dominica	1977	Not applicable	33.027053262	9
Dominica	1976	Not applicable	30.860620049	9
Dominica	1975	Not applicable	27.887300997	9
Dominica	1974	Not applicable	23.631807187	9
Dominica	1973	Not applicable	17.165667241	9
Dominica	1972	Not applicable	15.142926027	9
Dominica	1971	Not applicable	14.767116184	9
Dominica	1970	Not applicable	14.479732186	9
Dominica	1969	Not applicable	12.611736202	9
Dominican Republic	2008	Not applicable	295.74898785	26
Dominican Republic	2007	Not applicable	258.80566802	26
Dominican Republic	2006	Not applicable	242.81376518	26
Dominican Republic	2005	Not applicable	233.19838057	26
Dominican Republic	2004	Not applicable	237.04453441	26
Dominican Republic	2003	Not applicable	140.08097166	26
Dominican Republic	2002	Not applicable	110.66801619	26
Dominican Republic	2001	Not applicable	106.08299595	26
Dominican Republic	2000	Not applicable	100	26
Dominican Republic	1999	Not applicable	99.5951417	26
Dominican Republic	1998	Not applicable	94.534412955	26
Dominican Republic	1997	Not applicable	88.765182186	2,26
Dominican Republic	1996	Not applicable	82.46769514	26
Dominican Republic	1995	Not applicable	78.880839488	26
Dominican Republic	1994	Not applicable	68.875891017	26
Dominican Republic	1993	Not applicable	64.461453214	26
Dominican Republic	1992	Not applicable	62.557081404	26
Dominican Republic	1991	Not applicable	62.373174259	26
Dominican Republic	1990	Not applicable	41.924165693	26
Dominican Republic	1989	Not applicable	28.022518011	26
Dominican Republic	1988	Not applicable	18.98308205	26
Dominican Republic	1987	Not applicable	12.114549993	26
Dominican Republic	1986	Not applicable	10.050258927	2,26
Dominican Republic	1985	Not applicable	8.9795253098	26
Dominican Republic	1984	Not applicable	6.2560753762	26
Dominican Republic	1983	Not applicable	5.1302936417	26
Dominican Republic	1982	Not applicable	4.81782398	26
Dominican Republic	1981	Not applicable	4.464306878	26
Dominican Republic	1980	Not applicable	4.4455332425	26
Dominican Republic	1979	Not applicable	3.8540046262	26
Dominican Republic	1979	Santo Domingo	100	32
Dominican Republic	1978	Santo Domingo	87.30228471	32
Dominican Republic	1978	Not applicable	3.4740771557	26
Dominican Republic	1977	Santo Domingo	90.026362039	32
Dominican Republic	1976	Santo Domingo	82.337434095	32
Dominican Republic	1975	Santo Domingo	84.710017575	32
Dominican Republic	1974	Santo Domingo	71.968365554	32
Dominican Republic	1973	Santo Domingo	61.159929701	32
Dominican Republic	1972	Santo Domingo	51.669595782	32
Dominican Republic	1971	Santo Domingo	48.725834798	32
Dominican Republic	1970	Santo Domingo	46.353251318	32,69
Dominican Republic	1969	Santo Domingo	43.936731107	32
Ecuador	2008	Not applicable	128.43947496	29
Ecuador	2007	Not applicable	109.46037919	29
Ecuador	2006	Not applicable	106.0476422	29
Ecuador	2005	Not applicable	100	29,70
Ecuador	2004	Not applicable	147.70726056	29
Ecuador	2003	Not applicable	145.95777549	29
Ecuador	2002	Not applicable	142.49485067	29
Ecuador	2001	Not applicable	131.96446962	29
Ecuador	2000	Not applicable	100	29
Ecuador	1999	Not applicable	45.391349125	29
Ecuador	1998	Not applicable	33.058702369	29
Ecuador	1997	Not applicable	23.46807415	29
Ecuador	1996	Not applicable	17.23738414	29
Ecuador	1995	Not applicable	14.109165808	2,29
Ecuador	1994	Not applicable	11.657541161	29
Ecuador	1993	Not applicable	9.3401506575	29
Ecuador	1992	Not applicable	6.5853419929	29
Ecuador	1991	Not applicable	4.2753575116	29
Ecuador	1990	Not applicable	2.8769308779	29
Ecuador	1989	Not applicable	1.9502524025	29
Ecuador	1988	Not applicable	1.037537364	29
Ecuador	1987	Not applicable	0.6313633569	29
Ecuador	1986	Not applicable	0.4904175048	29
Ecuador	1985	Not applicable	0.3980736708	29
Ecuador	1984	Not applicable	0.3045726458	29
Ecuador	1983	Not applicable	0.2223349456	29
Ecuador	1982	Not applicable	0.1249766176	29
Ecuador	1981	Not applicable	0.1066930013	29
Ecuador	1981	Quito	100	51
Ecuador	1980	Not applicable	0.096046845	29,42
Ecuador	1980	Quito	87.566092444	51
Ecuador	1979	Quito	78.918642333	51
Ecuador	1978	Quito	71.755074194	51
Ecuador	1977	Quito	65.069077264	51
Ecuador	1976	Quito	56.268122122	51
Ecuador	1975	Quito	51.373017227	51
Ecuador	1974	Quito	43.305475013	51
Ecuador	1973	Quito	32.713627836	51
Ecuador	1972	Quito	27.204502814	51
Ecuador	1971	Quito	24.49258059	51
Ecuador	1970	Quito	22.991642504	51
Ecuador	1969	Quito	22.258229575	51
Egypt	2008	Not applicable	161.99045643	71
Egypt	2007	Not applicable	130.62900415	2,71
Egypt	2006	Not applicable	115.66390041	71
Egypt	2005	Not applicable	105.04840941	71
Egypt	2004	Not applicable	100	71,72
Egypt	2003	Not applicable	112.32653061	71
Egypt	2002	Not applicable	105.30612245	71
Egypt	2001	Not applicable	101.06122449	71
Egypt	2000	Not applicable	100	71
Egypt	1999	Not applicable	97.551020408	2,71
Egypt	1998	Not applicable	91.540831579	71
Egypt	1997	Not applicable	88.124218297	71
Egypt	1996	Not applicable	84.634391873	71
Egypt	1995	Not applicable	78.630914249	71
Egypt	1994	Not applicable	71.309600073	71
Egypt	1993	Not applicable	65.232909307	71
Egypt	1992	Not applicable	60.718098899	71
Egypt	1991	Not applicable	55.910435923	71
Egypt	1990	Not applicable	47.954607852	71
Egypt	1989	Not applicable	41.389829474	71
Egypt	1988	Not applicable	33.019126933	71
Egypt	1987	Not applicable	27.381715018	71
Egypt	1986	Not applicable	22.330008236	71
Egypt	1985	Not applicable	17.937219731	71
Egypt	1984	Not applicable	15.155120344	2,71
Egypt	1983	Not applicable	13.001537473	71
Egypt	1982	Not applicable	10.968014971	71
Egypt	1981	Not applicable	9.5823182106	71
Egypt	1980	Not applicable	8.3942208079	71
Egypt	1979	Not applicable	6.625831621	71
Egypt	1978	Not applicable	6.165600206	71
Egypt	1977	Not applicable	5.6278298026	71
Egypt	1976	Not applicable	4.922475134	71
Egypt	1975	Not applicable	4.2896569385	71
Egypt	1974	Not applicable	3.8244230081	71
Egypt	1973	Not applicable	3.2716450586	71
Egypt	1972	Not applicable	3.0640406703	71
Egypt	1971	Not applicable	2.9814991666	71
Egypt	1970	Not applicable	2.8289224475	71
Egypt	1969	Not applicable	2.6488318938	71
El Salvador	2008	Not applicable	150.53261073	28
El Salvador	2007	Not applicable	134.23659129	28
El Salvador	2006	Not applicable	126.33775618	28
El Salvador	2005	Not applicable	122.59390768	28
El Salvador	2004	Not applicable	115.4612845	28
El Salvador	2003	Not applicable	108.60898274	28
El Salvador	2002	Not applicable	106.55952158	28
El Salvador	2001	Not applicable	104.59727154	28
El Salvador	2000	Not applicable	100	28
El Salvador	1999	Not applicable	99.694761104	28
El Salvador	1998	Not applicable	101.20226749	28
El Salvador	1997	Not applicable	99.607549991	28
El Salvador	1996	Not applicable	95.61452688	28
El Salvador	1995	Not applicable	83.573163895	28
El Salvador	1994	Not applicable	81.299445586	28
El Salvador	1993	Not applicable	76.963807388	28,73
El Salvador	1992	Not applicable	132.89818989	28
El Salvador	1991	Not applicable	117.86218962	28
El Salvador	1990	Not applicable	100	28
El Salvador	1989	Not applicable	79.445079963	28
El Salvador	1988	Not applicable	62.593365184	28
El Salvador	1987	Not applicable	48.379427136	28
El Salvador	1986	Not applicable	38.577484691	28
El Salvador	1985	Not applicable	29.264517866	28
El Salvador	1984	Not applicable	24.61924949	28
El Salvador	1983	Not applicable	21.569880896	28
El Salvador	1982	Not applicable	19.025188973	28
El Salvador	1981	Not applicable	17.1904089	28
El Salvador	1980	Not applicable	14.610950362	28
El Salvador	1979	Not applicable	12.209810914	28
El Salvador	1978	Not applicable	10.644191732	2,28
El Salvador	1977	Not applicable	9.6143492887	28
El Salvador	1976	Not applicable	8.8482202276	28
El Salvador	1975	Not applicable	8.2720876633	28
El Salvador	1974	Not applicable	6.8626910171	28
El Salvador	1973	Not applicable	5.848645049	28
El Salvador	1972	Not applicable	5.4405694323	28
El Salvador	1971	Not applicable	5.3791386943	28,74
El Salvador	1970	Not applicable	5.3686077106	28
El Salvador	1969	Not applicable	5.1154253119	28
Equatorial Guinea	2006	Malabo	153.6	
Equatorial Guinea	2004	Malabo	135.74	
Equatorial Guinea	2003	Malabo	130.04	
Equatorial Guinea	2002	Malabo	122.18	
Equatorial Guinea	2001	Malabo	111.5	
Equatorial Guinea	2000	Malabo	100	14
Equatorial Guinea	1999	Malabo	178.21782178	
Equatorial Guinea	1998	Malabo	177.22772277	
Equatorial Guinea	1997	Malabo	162.37623762	
Equatorial Guinea	1996	Malabo	151.48514851	
Equatorial Guinea	1995	Malabo	141.58415842	
Equatorial Guinea	1994	Malabo	127.72277228	
Equatorial Guinea	1993	Malabo	91.089108911	
Equatorial Guinea	1992	Malabo	88.118811881	
Equatorial Guinea	1991	Malabo	95.04950495	
Equatorial Guinea	1990	Malabo	100	
Estonia	2008	Not applicable	155.10401548	75
Estonia	2007	Not applicable	135.8490566	75
Estonia	2006	Not applicable	124.23802612	75
Estonia	2005	Not applicable	118.25834543	75
Estonia	2004	Not applicable	114.22351234	75
Estonia	2003	Not applicable	109.62747944	75
Estonia	2002	Not applicable	111.56265119	75
Estonia	2001	Not applicable	108.27285922	75
Estonia	2000	Not applicable	100	75
Estonia	1999	Not applicable	97.629414611	75
Estonia	1998	Not applicable	101.4997581	75
Estonia	1997	Not applicable	96.758587325	14,75
Estonia	1996	Not applicable	3295.5910714	75
Estonia	1995	Not applicable	2786.9119898	75
Estonia	1994	Not applicable	2406.3045918	75
Estonia	1993	Not applicable	1803.8265306	2,75
Estonia	1992	Not applicable	1037.244898	75
Estonia	1991	Not applicable	100	75
Ethiopia	2008	Not applicable	343.00291282	9
Ethiopia	2007	Not applicable	214.28225641	2,9
Ethiopia	2006	Not applicable	175.17948718	9
Ethiopia	2005	Not applicable	153.33333333	9
Ethiopia	2004	Not applicable	134.84102564	9
Ethiopia	2003	Not applicable	130.87179487	9
Ethiopia	2002	Not applicable	102.56410256	9
Ethiopia	2002	Addis Ababa	85.664272212	76
Ethiopia	2001	Addis Ababa	87.616162571	2,76
Ethiopia	2001	Not applicable	100	9
Ethiopia	2000	Addis Ababa	100	76
Ethiopia	1999	Addis Ababa	101.1342155	76
Ethiopia	1998	Addis Ababa	92.533081285	76
Ethiopia	1997	Addis Ababa	90.926275992	76,77
Ethiopia	1996	Addis Ababa	188.73194731	76,78
Ethiopia	1995	Addis Ababa	198.5557848	76
Ethiopia	1994	Addis Ababa	176.73385177	76
Ethiopia	1993	Addis Ababa	160.35549913	76
Ethiopia	1992	Addis Ababa	158.10188859	76
Ethiopia	1991	Addis Ababa	141.34264402	76
Ethiopia	1990	Addis Ababa	100	76
Ethiopia	1989	Addis Ababa	95.064275512	76
Ethiopia	1988	Addis Ababa	89.255673703	76
Ethiopia	1987	Addis Ababa	82.73289954	76
Ethiopia	1986	Addis Ababa	88.065386447	76
Ethiopia	1985	Addis Ababa	103.9041422	76
Ethiopia	1984	Addis Ababa	82.955086494	76
Ethiopia	1983	Addis Ababa	74.702428186	76
Ethiopia	1982	Addis Ababa	74.210442787	76
Ethiopia	1981	Addis Ababa	70.020631646	76
Ethiopia	1980	Addis Ababa	66.910014283	76
Ethiopia	1979	Addis Ababa	63.593080463	76
Ethiopia	1978	Addis Ababa	53.880336455	76
Ethiopia	1977	Addis Ababa	46.024440565	76
Ethiopia	1976	Addis Ababa	39.422313918	76
Ethiopia	1975	Addis Ababa	27.789239803	76
Ethiopia	1974	Addis Ababa	26.598952547	76
Ethiopia	1973	Addis Ababa	24.48817648	76
Ethiopia	1972	Addis Ababa	21.710839549	76
Ethiopia	1971	Addis Ababa	24.662751944	76
Ethiopia	1970	Addis Ababa	24.694492938	76
Ethiopia	1969	Addis Ababa	21.425170608	76
Faeroe Islands	2008	Not applicable	127.07265372	
Faeroe Islands	2007	Not applicable	118.8931432	
Faeroe Islands	2006	Not applicable	114.09097896	
Faeroe Islands	2005	Not applicable	111.13580097	
Faeroe Islands	2004	Not applicable	109.86929612	
Faeroe Islands	2003	Not applicable	109.44712783	
Faeroe Islands	2002	Not applicable	108.91941748	2
Faeroe Islands	2001	Not applicable	106.22977346	
Faeroe Islands	2000	Not applicable	100	
Faeroe Islands	1999	Not applicable	97.451456311	
Faeroe Islands	1998	Not applicable	89.32038835	
Faeroe Islands	1997	Not applicable	82.362459547	
Faeroe Islands	1996	Not applicable	79.692556634	
Faeroe Islands	1995	Not applicable	76.860841424	
Faeroe Islands	1994	Not applicable	70.954692557	
Faeroe Islands	1993	Not applicable	66.949838188	
Faeroe Islands	1992	Not applicable	63.834951456	
Faeroe Islands	1991	Not applicable	60.922330097	
Faeroe Islands	1990	Not applicable	57.807443366	
Faeroe Islands	1989	Not applicable	58.778317152	
Faeroe Islands	1988	Not applicable	54.611650485	
Faeroe Islands	1987	Not applicable	53.074433657	
Faeroe Islands	1986	Not applicable	50.809061489	
Faeroe Islands	1985	Not applicable	48.948220065	
Faeroe Islands	1984	Not applicable	47.815533981	
Faeroe Islands	1983	Not applicable	42.394822006	
Faeroe Islands	1982	Not applicable	38.834951456	
Faeroe Islands	1981	Not applicable	34.749190939	
Faeroe Islands	1980	Not applicable	30.137540453	2
Faeroe Islands	1979	Not applicable	26.106324771	
Faeroe Islands	1978	Not applicable	23.839859277	
Faeroe Islands	1977	Not applicable	22.727612321	
Faeroe Islands	1976	Not applicable	22.014095406	
Falkland Islands (Malvinas)	1997	Stanley	123.89356984	1
Falkland Islands (Malvinas)	1996	Stanley	127.54767184	1
Falkland Islands (Malvinas)	1995	Stanley	123.80487805	1
Falkland Islands (Malvinas)	1994	Stanley	119.31707317	1
Falkland Islands (Malvinas)	1993	Stanley	115.86696231	1
Falkland Islands (Malvinas)	1992	Stanley	110.29711752	1
Falkland Islands (Malvinas)	1991	Stanley	103.92904656	1
Falkland Islands (Malvinas)	1990	Stanley	100	1,2
Falkland Islands (Malvinas)	1989	Stanley	94.037892764	1
Falkland Islands (Malvinas)	1988	Stanley	92.40680547	1
Falkland Islands (Malvinas)	1987	Stanley	81.76227708	1
Falkland Islands (Malvinas)	1986	Stanley	80.82520718	1
Falkland Islands (Malvinas)	1985	Stanley	78.646519664	1
Falkland Islands (Malvinas)	1984	Stanley	74.101730651	1
Falkland Islands (Malvinas)	1983	Stanley	70.47058479	1
Falkland Islands (Malvinas)	1982	Stanley	67.586166506	1
Falkland Islands (Malvinas)	1981	Stanley	64.350347009	1
Falkland Islands (Malvinas)	1980	Stanley	58.461448359	1
Falkland Islands (Malvinas)	1979	Stanley	53.26363876	1
Falkland Islands (Malvinas)	1978	Stanley	50.844827081	1
Falkland Islands (Malvinas)	1977	Stanley	48.25324314	1
Falkland Islands (Malvinas)	1976	Stanley	42.241354066	1
Falkland Islands (Malvinas)	1975	Stanley	40.903101116	1
Falkland Islands (Malvinas)	1974	Stanley	35.424170547	1
Falkland Islands (Malvinas)	1973	Stanley	32.18835105	1
Falkland Islands (Malvinas)	1972	Stanley	30.413774928	1,79
Falkland Islands (Malvinas)	1971	Stanley	29.283434361	1,80
Fiji	2008	Not applicable	145.8273913	
Fiji	2007	Not applicable	130.83469565	2
Fiji	2006	Not applicable	119.2173913	
Fiji	2005	Not applicable	117.13043478	
Fiji	2004	Not applicable	115.2173913	
Fiji	2003	Not applicable	111.04347826	
Fiji	2002	Not applicable	104.60869565	
Fiji	2001	Not applicable	104.08695652	
Fiji	2000	Not applicable	100	
Fiji	1999	Not applicable	103.30434783	
Fiji	1998	Not applicable	101.47826087	
Fiji	1997	Not applicable	94.260869565	
Fiji	1996	Not applicable	90	
Fiji	1995	Not applicable	88	
Fiji	1994	Not applicable	87.391304348	
Fiji	1993	Not applicable	86.956521739	2
Fiji	1992	Not applicable	81.425911729	
Fiji	1991	Not applicable	81.754462819	
Fiji	1990	Not applicable	80.44025846	
Fiji	1989	Not applicable	74.362063301	
Fiji	1988	Not applicable	67.572007447	
Fiji	1987	Not applicable	57.058372577	
Fiji	1986	Not applicable	53.77286168	
Fiji	1985	Not applicable	54.758514949	2
Fiji	1984	Not applicable	50.556191892	
Fiji	1983	Not applicable	48.310675755	
Fiji	1982	Not applicable	45.61605639	
Fiji	1981	Not applicable	41.734521353	
Fiji	1980	Not applicable	36.986858662	
Fiji	1979	Not applicable	32.078801962	2
Fiji	1978	Not applicable	30.25990082	
Fiji	1977	Not applicable	28.751039645	
Fiji	1976	Not applicable	26.746114522	
Fiji	1975	Not applicable	25.919341276	
Fiji	1974	Not applicable	23.066973576	2
Fiji	1973	Not applicable	19.958657988	
Fiji	1972	Not applicable	16.598656927	
Fiji	1971	Not applicable	14.874611438	
Fiji	1970	Not applicable	13.628768348	
Fiji	1969	Not applicable	13.075060308	
Finland	2008	Not applicable	122.7408	
Finland	2007	Not applicable	113.022	
Finland	2006	Not applicable	110.7288	2
Finland	2005	Not applicable	109.2	
Finland	2004	Not applicable	108.9	
Finland	2003	Not applicable	108.1	
Finland	2002	Not applicable	107.4	
Finland	2001	Not applicable	104.4	
Finland	2000	Not applicable	100	2
Finland	1999	Not applicable	99.019607843	
Finland	1998	Not applicable	99.31372549	
Finland	1997	Not applicable	97.647058824	
Finland	1996	Not applicable	96.274509804	
Finland	1995	Not applicable	98.039215686	2
Finland	1994	Not applicable	105.79548275	
Finland	1993	Not applicable	105.58864896	
Finland	1992	Not applicable	106.31256722	
Finland	1991	Not applicable	106.41598412	
Finland	1990	Not applicable	103.41689418	2
Finland	1989	Not applicable	99.507664507	
Finland	1988	Not applicable	96.042665475	
Finland	1987	Not applicable	94.443435152	
Finland	1986	Not applicable	92.311128056	
Finland	1985	Not applicable	88.846129024	2
Finland	1984	Not applicable	82.458916298	
Finland	1983	Not applicable	76.646552717	
Finland	1982	Not applicable	71.728398917	
Finland	1981	Not applicable	63.872127264	2
Finland	1980	Not applicable	56.468662549	
Finland	1979	Not applicable	50.030867144	2
Finland	1978	Not applicable	47.820429654	
Finland	1977	Not applicable	45.98425289	
Finland	1976	Not applicable	38.767279867	
Finland	1975	Not applicable	33.338583345	
Finland	1974	Not applicable	27.622485243	
Finland	1973	Not applicable	23.822397678	
Finland	1972	Not applicable	21.187883189	
Finland	1971	Not applicable	19.383639933	
Finland	1970	Not applicable	18.569335455	
Finland	1969	Not applicable	18.297900629	
France	2008	Not applicable	119.93184031	
France	2007	Not applicable	114.32327167	
France	2006	Not applicable	112.72638754	
France	2005	Not applicable	111.00292113	
France	2004	Not applicable	110.90555015	
France	2003	Not applicable	110.22395326	
France	2002	Not applicable	107.78967868	
France	2001	Not applicable	105.06329114	
France	2000	Not applicable	100	
France	1999	Not applicable	97.955209348	
France	1998	Not applicable	97.370983447	2
France	1997	Not applicable	95.875674758	
France	1996	Not applicable	94.2044474	
France	1995	Not applicable	93.06097605	
France	1994	Not applicable	91.917504699	
France	1993	Not applicable	91.125870687	
France	1992	Not applicable	91.213830022	
France	1991	Not applicable	90.59811468	
France	1990	Not applicable	87.95933464	2
France	1989	Not applicable	84.524913765	
France	1988	Not applicable	81.0427926	
France	1987	Not applicable	79.802585061	
France	1986	Not applicable	78.419276653	
France	1985	Not applicable	75.795760707	
France	1984	Not applicable	72.218238962	
France	1983	Not applicable	66.923506779	
France	1982	Not applicable	61.247172277	
France	1981	Not applicable	54.378330526	
France	1980	Not applicable	47.700289935	
France	1979	Not applicable	43.454964131	
France	1978	Not applicable	39.925142676	
France	1977	Not applicable	36.92002441	
France	1976	Not applicable	32.770099185	
France	1975	Not applicable	29.57417976	
France	1974	Not applicable	26.569061494	
France	1973	Not applicable	23.563943228	
France	1972	Not applicable	21.560531051	
France	1971	Not applicable	19.986421483	
France	1970	Not applicable	18.793914234	
French Guiana	2008	Not applicable	118.9860835	
French Guiana	2007	Not applicable	113.61829026	
French Guiana	2006	Not applicable	111.43141153	
French Guiana	2005	Not applicable	110.53677932	
French Guiana	2004	Not applicable	109.84095427	
French Guiana	2003	Not applicable	109.34393638	
French Guiana	2002	Not applicable	105.26838966	
French Guiana	2001	Not applicable	102.68389662	
French Guiana	2000	Not applicable	100	
French Guiana	1999	Not applicable	98.508946322	
French Guiana	1998	Not applicable	99.403578529	2
French Guiana	1997	Not applicable	98.414040643	
French Guiana	1996	Not applicable	96.79479683	
French Guiana	1995	Not applicable	96.255048892	
French Guiana	1994	Not applicable	94.635805079	
French Guiana	1993	Not applicable	93.196477245	
French Guiana	1992	Not applicable	92.11698137	
French Guiana	1991	Not applicable	90.587695546	
French Guiana	1990	Not applicable	89.957989619	
French Guiana	1990	Cayenne	100	1
French Guiana	1989	Cayenne	96.108550947	1
French Guiana	1988	Cayenne	92.319508449	1
French Guiana	1987	Cayenne	90.885816692	1
French Guiana	1986	Cayenne	87.199180748	1
French Guiana	1985	Cayenne	85.816692268	1
French Guiana	1984	Cayenne	80.440348182	1
French Guiana	1983	Cayenne	73.015873016	1,2
French Guiana	1982	Cayenne	66.092041826	1
French Guiana	1981	Cayenne	58.277292134	1
French Guiana	1980	Cayenne	51.20327701	1
French Guiana	1979	Cayenne	46.462575775	1
French Guiana	1978	Cayenne	43.147788583	1,81
French Guiana	1977	Cayenne	40.147813583	1
French Guiana	1976	Cayenne	35.444149077	1
French Guiana	1975	Cayenne	32.962688274	1,82
French Guiana	1974	Cayenne	29.351607255	1
French Guiana	1973	Cayenne	24.703497841	1
French Guiana	1972	Cayenne	22.962771607	1
French Guiana	1971	Cayenne	21.870188119	1,66
French Guiana	1970	Cayenne	20.296127162	1
French Guiana	1969	Cayenne	19.351690588	1
French Polynesia	2008	Not applicable	126.6159287	2
French Polynesia	2007	Not applicable	120.98266462	
French Polynesia	2006	Not applicable	117.49122583	
French Polynesia	2005	Not applicable	113.20235966	
French Polynesia	2004	Not applicable	110.56222847	
French Polynesia	2003	Not applicable	108.16994633	2
French Polynesia	2002	Not applicable	107.41971207	
French Polynesia	2001	Not applicable	102.22335804	
French Polynesia	2000	Not applicable	100	
French Polynesia	1999	Not applicable	99.241843428	
French Polynesia	1998	Not applicable	99.241843428	
French Polynesia	1997	Not applicable	98.389982111	
French Polynesia	1996	Not applicable	96.089956555	
French Polynesia	1995	Not applicable	94.726978448	
French Polynesia	1994	Not applicable	92.938069682	
French Polynesia	1993	Not applicable	90.723230258	
French Polynesia	1992	Not applicable	89.019507624	
French Polynesia	1991	Not applicable	88.167646307	
French Polynesia	1990	Not applicable	88.763949229	
French Polynesia	1989	Not applicable	87.145412727	2
French Polynesia	1988	Not applicable	83.516750617	
French Polynesia	1987	Not applicable	81.847369537	
French Polynesia	1986	Not applicable	83.99371664	
French Polynesia	1985	Not applicable	86.712422971	
French Polynesia	1984	Not applicable	80.082595252	
French Polynesia	1983	Not applicable	70.304791782	
French Polynesia	1982	Not applicable	61.290133948	
French Polynesia	1981	Not applicable	53.277104763	83
French Polynesia	1980	Not applicable	46.79583735	
French Polynesia	1979	Not applicable	42.929139053	
French Polynesia	1978	Not applicable	38.930621495	
French Polynesia	1977	Not applicable	36.579844689	
French Polynesia	1976	Not applicable	33.591941459	
French Polynesia	1975	Not applicable	33.372242692	
French Polynesia	1974	Not applicable	29.507741383	
French Polynesia	1973	Not applicable	24.067999914	2
French Polynesia	1972	Not applicable	21.484512293	
French Polynesia	1971	Not applicable	21.163315265	
French Polynesia	1970	Not applicable	20.503076931	
French Polynesia	1969	Not applicable	18.665116161	
Gabon	2008	Libreville, Afric.	107.83365571	84
Gabon	2007	Libreville, Afric.	100	84,85
Gabon	2006	Libreville, Afric.	112.2244489	84
Gabon	2005	Libreville, Afric.	105.48430194	84
Gabon	2004	Libreville, Afric.	105.11022044	84
Gabon	2003	Libreville, Afric.	107.10309508	84
Gabon	2002	Libreville, Afric.	105.1503006	84
Gabon	2001	Libreville, Afric.	104.98775328	84
Gabon	2000	Libreville, Afric.	100	84
Gabon	1999	Libreville, Afric.	99.487864618	84
Gabon	1998	Libreville, Afric.	100.13360053	84
Gabon	1997	Libreville, Afric.	97.194388778	84
Gabon	1996	Libreville, Afric.	91.427299043	84
Gabon	1996	Libreville	159.55699828	49,59,86
Gabon	1995	Libreville	153.14111132	49,59
Gabon	1995	Libreville, Afric.	90.492095302	84
Gabon	1994	Libreville, Afric.	83.834335337	84
Gabon	1994	Libreville	135.93660493	49,59
Gabon	1993	Libreville	103.70441092	49,59
Gabon	1993	Libreville, Afric.	63.994655979	84
Gabon	1992	Libreville, Afric.	62.903584948	84
Gabon	1992	Libreville	100.47737254	49,59
Gabon	1991	Libreville	100	49,59
Gabon	1991	Libreville, Afric.	75.350701403	14,84
Gabon	1990	Libreville, Afric.	101.27068558	20,84
Gabon	1990	Libreville	94.71071224	20,49,59
Gabon	1989	Libreville	90.376169563	49,59
Gabon	1989	Libreville, Afric.	90.721040189	84
Gabon	1988	Libreville, Afric.	83.185579196	84
Gabon	1988	Libreville	84.991407294	49,59
Gabon	1987	Libreville	84.380370441	49,59
Gabon	1987	Libreville, Afric.	95.98108747	84
Gabon	1986	Libreville, Afric.	96.21749409	84
Gabon	1986	Libreville	80.351346191	49,59
Gabon	1985	Libreville	75.100248234	49,59
Gabon	1985	Libreville, Afric.	91.312056738	84
Gabon	1980	Libreville, Afric.	58.096926714	84
Gabon	1980	Libreville	45.484055757	49,59
Gabon	1978	Libreville	39.392782127	49,59
Gabon	1978	Libreville, Afric.	46.356382979	84
Gabon	1975	Libreville, Afric.	31.501182033	2,84
Gabon	1975	Libreville	27.133855261	49,59
Gabon	1974	Libreville	24.002291388	49,59
Gabon	1974	Libreville, Afric.	21.997294807	84
Gabon	1973	Libreville, Afric.	20.467636768	84
Gabon	1973	Libreville	20.908917319	2,49,59
Gabon	1972	Libreville	18.551450385	49,59
Gabon	1972	Libreville, Afric.	19.168104274	84
Gabon	1971	Libreville, Afric.	18.058086937	84
Gabon	1971	Libreville	17.303982683	49,59
Gabon	1970	Libreville	16.69877558	49,59
Gabon	1970	Libreville, Afric.	16.975143192	84,87
Gabon	1969	Libreville, Afric.	16.582576085	84
Gabon	1969	Libreville	15.945354492	49,59
Gambia	2008	Banjul,Kombo St. Mary	197.05388289	
Gambia	2007	Banjul,Kombo St. Mary	185.75759157	
Gambia	2006	Banjul,Kombo St. Mary	172.18236776	2
Gambia	2005	Banjul,Kombo St. Mary	169.16819797	
Gambia	2004	Banjul,Kombo St. Mary	163.95197844	
Gambia	2003	Banjul,Kombo St. Mary	141.1693005	
Gambia	2002	Banjul,Kombo St. Mary	117.2124219	
Gambia	2001	Banjul,Kombo St. Mary	99.287026828	
Gambia	2000	Banjul,Kombo St. Mary	100	
Gambia	1999	Banjul,Kombo St. Mary	99.777655274	
Gambia	1998	Banjul,Kombo St. Mary	95.908367022	
Gambia	1997	Banjul,Kombo St. Mary	92.600759525	
Gambia	1996	Banjul,Kombo St. Mary	91.320592919	
Gambia	1995	Banjul,Kombo St. Mary	90.334435869	
Gambia	1994	Banjul,Kombo St. Mary	83.125076565	
Gambia	1993	Banjul,Kombo St. Mary	84.14798481	
Gambia	1992	Banjul,Kombo St. Mary	77.447017028	
Gambia	1991	Banjul,Kombo St. Mary	71.352443954	
Gambia	1990	Banjul,Kombo St. Mary	65.882641186	
Gambia	1989	Banjul,Kombo St. Mary	57.748376822	
Gambia	1988	Banjul,Kombo St. Mary	54.01200539	
Gambia	1987	Banjul,Kombo St. Mary	47.923557516	
Gambia	1986	Banjul,Kombo St. Mary	38.833762097	
Gambia	1985	Banjul,Kombo St. Mary	24.261913512	
Gambia	1984	Banjul,Kombo St. Mary	20.690922455	
Gambia	1983	Banjul,Kombo St. Mary	17.058679407	
Gambia	1982	Banjul,Kombo St. Mary	15.00061252	
Gambia	1981	Banjul,Kombo St. Mary	13.769447507	
Gambia	1980	Banjul,Kombo St. Mary	13.077300012	
Gambia	1979	Banjul,Kombo St. Mary	12.43415411	
Gambia	1978	Banjul,Kombo St. Mary	11.748131814	
Gambia	1977	Banjul,Kombo St. Mary	11.04985912	
Gambia	1976	Banjul,Kombo St. Mary	9.8248193066	
Gambia	1975	Banjul,Kombo St. Mary	8.2322675487	
Gambia	1974	Banjul,Kombo St. Mary	6.125199069	
Gambia	1973	Banjul,Kombo St. Mary	5.4085507779	
Gambia	1972	Banjul,Kombo St. Mary	5.1022908245	
Gambia	1971	Banjul,Kombo St. Mary	4.6490260933	
Gambia	1970	Banjul,Kombo St. Mary	4.5081465148	
Georgia	2008	Not applicable	204	2,17,88
Georgia	2007	Not applicable	183.3621186	17,88
Georgia	2006	Not applicable	167.06966033	17,88
Georgia	2005	Not applicable	149.55670697	17,88
Georgia	2004	Not applicable	132.21646517	17,88
Georgia	2003	Not applicable	122.74035694	17,88
Georgia	2002	Not applicable	114.62867012	17,88
Georgia	2001	Not applicable	106.6378814	17,88
Georgia	2000	Not applicable	100	17,88
Georgia	1999	Not applicable	98.681635003	17,88
Georgia	1998	Not applicable	83.258491652	17,88
Georgia	1997	Not applicable	80.155440415	17,88
Georgia	1996	Not applicable	76.545768566	17,88
Georgia	1995	Not applicable	57.570523892	17,88
Georgia	1994	Not applicable	24.00115141	17,88
Germany	2008	Not applicable	118.2519	
Germany	2007	Not applicable	111.5127	2
Germany	2006	Not applicable	107.3	
Germany	2005	Not applicable	105.3	
Germany	2004	Not applicable	104.8	
Germany	2003	Not applicable	105.2	
Germany	2002	Not applicable	105.3	
Germany	2001	Not applicable	104.5	
Germany	2000	Not applicable	100	2
Germany	1999	Not applicable	100.49407115	
Germany	1998	Not applicable	101.77865613	
Germany	1997	Not applicable	100.79051383	
Germany	1996	Not applicable	99.407114625	
Germany	1995	Not applicable	98.814229249	89
Germany	1994	Not applicable	106.9	
Germany	1993	Not applicable	105.2	
Germany	1992	Not applicable	103.2	
Germany	1991	Not applicable	100	
Ghana	2008	Not applicable	346.238	
Ghana	2007	Not applicable	300.6428125	2
Ghana	2006	Not applicable	267.23214286	
Ghana	2005	Not applicable	244.71840659	
Ghana	2004	Not applicable	211.77884615	
Ghana	2003	Not applicable	181.61401099	
Ghana	2002	Not applicable	145.625	
Ghana	2001	Not applicable	123.22802198	
Ghana	2000	Not applicable	100	
Ghana	1999	Not applicable	89.436813187	
Ghana	1998	Not applicable	82.252747253	2
Ghana	1997	Not applicable	67.976595903	
Ghana	1996	Not applicable	56.206584767	
Ghana	1995	Not applicable	41.397266527	
Ghana	1994	Not applicable	25.520470726	
Ghana	1993	Not applicable	20.272947751	
Ghana	1992	Not applicable	16.224340739	
Ghana	1991	Not applicable	14.698793373	
Ghana	1990	Not applicable	13.488596774	
Ghana	1989	Not applicable	9.6250428664	
Ghana	1988	Not applicable	7.6949136456	
Ghana	1987	Not applicable	5.7380404489	
Ghana	1986	Not applicable	4.1431615425	
Ghana	1985	Not applicable	3.4446494506	
Ghana	1984	Not applicable	3.8766090241	
Ghana	1983	Not applicable	3.4914197213	
Ghana	1982	Not applicable	1.4276973695	
Ghana	1981	Not applicable	1.0501129889	
Ghana	1980	Not applicable	0.4974886519	
Ghana	1979	Not applicable	0.3266314028	
Ghana	1978	Not applicable	0.2020374296	
Ghana	1977	Not applicable	0.1267487011	
Ghana	1976	Not applicable	0.0505727318	
Ghana	1975	Not applicable	0.0301661909	
Ghana	1974	Not applicable	0.0230682636	
Ghana	1973	Not applicable	0.0198995461	
Ghana	1972	Not applicable	0.0164773311	
Ghana	1971	Not applicable	0.0149563467	
Ghana	1970	Not applicable	0.0133086136	
Ghana	1969	Not applicable	0.0126748701	
Gibraltar	2008	Not applicable	132.10082385	
Gibraltar	2007	Not applicable	124.41153393	
Gibraltar	2006	Not applicable	120.44919576	
Gibraltar	2005	Not applicable	117.35974892	
Gibraltar	2004	Not applicable	115.10396234	
Gibraltar	2003	Not applicable	111.26912515	
Gibraltar	2002	Not applicable	107.14986269	
Gibraltar	2001	Not applicable	103.48175755	
Gibraltar	2000	Not applicable	100	
Gibraltar	1999	Not applicable	99.195763044	2
Gibraltar	1998	Not applicable	97.696649207	
Gibraltar	1997	Not applicable	95.742023444	
Gibraltar	1996	Not applicable	93.703274547	
Gibraltar	1995	Not applicable	90.714429077	
Gibraltar	1994	Not applicable	90.066186103	
Gibraltar	1993	Not applicable	90.852984827	
Gibraltar	1992	Not applicable	89.220006342	
Gibraltar	1991	Not applicable	85.211786423	
Gibraltar	1990	Not applicable	79.768524805	
Gibraltar	1989	Not applicable	74.820105152	
Gibraltar	1988	Not applicable	71.455179788	
Gibraltar	1987	Not applicable	69.030454158	
Gibraltar	1986	Not applicable	65.942640295	
Gibraltar	1985	Not applicable	63.671315674	
Gibraltar	1984	Not applicable	60.934839606	
Gibraltar	1983	Not applicable	58.143930922	
Gibraltar	1982	Not applicable	56.03590415	
Gibraltar	1981	Not applicable	51.364595997	2
Gibraltar	1980	Not applicable	48.200559784	
Gibraltar	1979	Not applicable	44.485564027	
Gibraltar	1978	Not applicable	40.849851716	
Gibraltar	1977	Not applicable	37.748358816	
Gibraltar	1976	Not applicable	31.734143124	
Gibraltar	1975	Not applicable	28.289088624	
Gibraltar	1974	Not applicable	23.520755655	
Gibraltar	1973	Not applicable	18.939305096	2
Gibraltar	1972	Not applicable	15.638073522	
Gibraltar	1971	Not applicable	13.92541609	
Greece	2008	Not applicable	132.61531311	
Greece	2007	Not applicable	125.85821918	
Greece	2006	Not applicable	121.90972603	
Greece	2005	Not applicable	117.5146771	2
Greece	2004	Not applicable	116.83953033	
Greece	2003	Not applicable	116.22309198	
Greece	2002	Not applicable	110.71428571	
Greece	2001	Not applicable	105.08806262	
Greece	2000	Not applicable	100	
Greece	1999	Not applicable	98.140900196	2
Greece	1998	Not applicable	95.86032157	
Greece	1997	Not applicable	91.831299331	
Greece	1996	Not applicable	88.18237353	
Greece	1995	Not applicable	82.404907678	
Greece	1994	Not applicable	76.019287526	
Greece	1993	Not applicable	67.049011598	
Greece	1992	Not applicable	61.043487883	
Greece	1991	Not applicable	54.581848443	
Greece	1990	Not applicable	46.371765391	14
Greece	1989	Not applicable	82.605682606	
Greece	1988	Not applicable	69.3000693	36
Greece	1987	Not applicable	62.75	
Greece	1986	Not applicable	55.722222222	
Greece	1985	Not applicable	46.333333333	
Greece	1984	Not applicable	38.777777778	
Greece	1983	Not applicable	32.777777778	
Greece	1982	Not applicable	27.777777778	
Greece	1981	Not applicable	22.944444444	
Greece	1980	Not applicable	17.638888889	
Greece	1979	Not applicable	13.833333333	
Greece	1978	Not applicable	11.638888889	
Greece	1977	Not applicable	10.194444444	
Greece	1976	Not applicable	8.9166666667	
Greece	1975	Not applicable	7.8333333333	
Greece	1974	Not applicable	7	
Greece	1973	Not applicable	5.5	
Greenland	2008	Not applicable	130.54794521	90,91
Greenland	2007	Not applicable	120.86757991	90,91
Greenland	2006	Not applicable	117.39726027	90,91
Greenland	2005	Not applicable	114.47488584	90,91
Greenland	2004	Not applicable	111.41552511	90,91
Greenland	2003	Not applicable	109.7716895	90,91
Greenland	2002	Not applicable	107.57990868	90,91
Greenland	2001	Not applicable	103.37899543	90,91
Greenland	2000	Not applicable	100	90,91
Greenland	1999	Not applicable	97.260273973	90,91
Greenland	1998	Not applicable	96.438356164	90,91
Greenland	1997	Not applicable	94.520547945	90,91
Greenland	1996	Not applicable	93.424657534	14,90,91
Greenland	1995	Not applicable	113.36898396	90,91
Greenland	1994	Not applicable	107.48663102	90,91
Greenland	1993	Not applicable	106.95187166	90,91
Greenland	1992	Not applicable	106.4171123	90,91
Greenland	1991	Not applicable	105.34759358	90,91
Greenland	1990	Not applicable	100	90,91
Greenland	1989	Not applicable	93.582887701	90,91
Greenland	1988	Not applicable	88.235294118	90,91
Greenland	1987	Not applicable	85.561497326	90,91
Greenland	1986	Not applicable	83.422459893	90,91
Greenland	1985	Not applicable	83.155080214	90,91
Greenland	1984	Not applicable	77.807486631	90,91
Greenland	1983	Not applicable	71.016042781	90,91
Greenland	1982	Not applicable	64.331550802	90,91
Greenland	1981	Not applicable	55.50802139	65,90,91
Greenland	1980	Not applicable	100	90,91
Greenland	1979	Not applicable	90.322580645	90,91
Greenland	1978	Not applicable	82.437275986	90,91
Greenland	1977	Not applicable	75.268817204	90,91
Greenland	1976	Not applicable	68.458781362	90,91
Greenland	1975	Not applicable	61.290322581	90,91
Greenland	1974	Not applicable	53.405017921	90,91
Greenland	1973	Not applicable	45.161290323	90,91
Greenland	1972	Not applicable	39.426523297	90,91
Greenland	1971	Not applicable	36.917562724	90,91
Grenada	2004	Not applicable	105.34573574	
Grenada	2003	Not applicable	102.11608407	
Grenada	2002	Not applicable	101.4039306	
Grenada	2001	Not applicable	101.83081516	92
Grenada	2000	Not applicable	100	
Grenada	1999	Not applicable	99.196249163	
Grenada	1998	Not applicable	99.129269926	
Grenada	1997	Not applicable	97.789685198	
Grenada	1996	Not applicable	97.387809779	
Grenada	1995	Not applicable	93.23509712	
Grenada	1994	Not applicable	88.613529806	
Grenada	1993	Not applicable	84.527796383	
Grenada	1992	Not applicable	81.245813798	
Grenada	1991	Not applicable	80.776959143	
Grenada	1990	Not applicable	79.303415941	
Grenada	1989	Not applicable	76.289350301	
Grenada	1988	Not applicable	70.395177495	
Grenada	1987	Not applicable	66.979236437	
Grenada	1986	Not applicable	67.11319491	
Grenada	1985	Not applicable	65.639651708	
Grenada	1984	Not applicable	65.505693235	
Grenada	1983	Not applicable	62.625586068	
Grenada	1982	Not applicable	59.276624246	
Grenada	1981	Not applicable	56.329537843	
Grenada	1980	Not applicable	46.349631614	2
Grenada	1979	Not applicable	38.957071676	93
Guadeloupe	2008	Not applicable	122.88911495	94
Guadeloupe	2007	Not applicable	118.10783316	94
Guadeloupe	2006	Not applicable	115.66632757	94
Guadeloupe	2005	Not applicable	116.07324517	94
Guadeloupe	2004	Not applicable	113.12309257	94
Guadeloupe	2003	Not applicable	111.69888098	94
Guadeloupe	2002	Not applicable	108.03662258	94
Guadeloupe	2001	Not applicable	105.28992879	94
Guadeloupe	2000	Not applicable	100	94
Guadeloupe	1999	Not applicable	101.2207528	94
Guadeloupe	1998	Not applicable	101.7293998	2,94
Guadeloupe	1997	Not applicable	98.862559324	94
Guadeloupe	1996	Not applicable	97.82007188	94
Guadeloupe	1995	Not applicable	96.690710481	94
Guadeloupe	1994	Not applicable	93.823870009	94
Guadeloupe	1993	Not applicable	91.999516981	94
Guadeloupe	1992	Not applicable	90.001416045	94
Guadeloupe	1991	Not applicable	88.611432786	94
Guadeloupe	1990	Not applicable	86.873953712	94,95
Guadeloupe	1989	Not applicable	96.875	94
Guadeloupe	1988	Not applicable	95.99471831	94
Guadeloupe	1987	Not applicable	95.11443662	94
Guadeloupe	1986	Not applicable	92.033450704	94
Guadeloupe	1985	Not applicable	89.084507042	94
Guadeloupe	1984	Not applicable	83.538732394	94
Guadeloupe	1983	Not applicable	76.936619718	94
Guadeloupe	1982	Not applicable	70.642605634	94
Guadeloupe	1981	Not applicable	62.279929577	94
Guadeloupe	1980	Not applicable	55.809859155	94
Guadeloupe	1979	Not applicable	47.623239437	2,94
Guadeloupe	1978	Not applicable	43.185775168	94
Guadeloupe	1977	Not applicable	39.986227327	94,96
Guadeloupe	1976	Not applicable	36.478093654	94,97
Guadeloupe	1975	Not applicable	33.717062523	94
Guadeloupe	1974	Not applicable	28.99082688	94
Guadeloupe	1973	Not applicable	24.410763474	94
Guadeloupe	1972	Not applicable	22.624213918	94
Guadeloupe	1971	Not applicable	20.853905722	94
Guadeloupe	1970	Not applicable	19.34345928	94
Guadeloupe	1969	Not applicable	18.044150512	94
Guam	2008	Not applicable	168.58892144	2
Guam	2007	Not applicable	154.64713715	
Guam	2006	Not applicable	150.02219263	
Guam	2005	Not applicable	140.82556591	
Guam	2004	Not applicable	130.084332	
Guam	2003	Not applicable	118.94363071	
Guam	2002	Not applicable	112.63204616	
Guam	2001	Not applicable	105.97425655	
Guam	2000	Not applicable	100	
Guam	1999	Not applicable	98.339991123	
Guam	1998	Not applicable	94.727030626	
Guam	1997	Not applicable	93.626276076	14
Guam	1995	Not applicable	225.69250318	
Guam	1994	Not applicable	207.59847522	
Guam	1993	Not applicable	160.30495553	
Guam	1992	Not applicable	135.95933926	
Guam	1991	Not applicable	118.1956798	
Guam	1990	Not applicable	100	
Guam	1989	Not applicable	84.625158831	
Guam	1988	Not applicable	76.569250318	
Guam	1987	Not applicable	69.250317662	
Guam	1986	Not applicable	62.5158831	
Guam	1985	Not applicable	58.3227446	
Guam	1984	Not applicable	55.679796696	
Guam	1983	Not applicable	50.216010165	
Guam	1982	Not applicable	48.233799238	
Guam	1981	Not applicable	45.235069886	
Guam	1980	Not applicable	35.374841169	
Guam	1979	Not applicable	29.682337992	
Guam	1978	Not applicable	25.41296061	
Guam	1977	Not applicable	21.448538755	
Guam	1976	Not applicable	21.219822109	
Guam	1975	Not applicable	20.304955527	
Guam	1974	Not applicable	18.271918679	
Guam	1973	Not applicable	15.451080051	
Guatemala	2008	Guatemala	217.46762104	98,99
Guatemala	2007	Guatemala	188.91685856	98,99
Guatemala	2006	Guatemala	171.91967213	98,99
Guatemala	2005	Guatemala	160.46861228	98,99
Guatemala	2004	Guatemala	141.74915364	98,99
Guatemala	2003	Guatemala	128.5348151	98,99
Guatemala	2002	Guatemala	121.54321006	98,99
Guatemala	2001	Guatemala	109.96913077	2,98,99
Guatemala	2000	Guatemala	100	98,99
Guatemala	1999	Guatemala	95.844452917	98,99
Guatemala	1998	Guatemala	93.80480366	98,99
Guatemala	1997	Guatemala	89.658787648	98,99
Guatemala	1996	Guatemala	83.930613801	98,99
Guatemala	1995	Guatemala	75.29546321	98,99
Guatemala	1994	Guatemala	69.205108654	98,99
Guatemala	1993	Guatemala	59.58825772	98,99
Guatemala	1992	Guatemala	52.049180328	98,99
Guatemala	1991	Guatemala	48.541746092	98,99
Guatemala	1990	Guatemala	36.685093404	98,99
Guatemala	1989	Guatemala	24.933282501	98,99
Guatemala	1988	Guatemala	22.007243614	98,99
Guatemala	1987	Guatemala	19.17651544	98,99
Guatemala	1986	Guatemala	16.612657263	98,99
Guatemala	1985	Guatemala	12.218833397	98,99
Guatemala	1984	Guatemala	10.026687	14,98,99
Guatemala	1975	Guatemala	100	98,99
Guatemala	1974	Guatemala	87.247524752	98,99
Guatemala	1973	Guatemala	75.326732673	98,99
Guatemala	1972	Guatemala	63.128712871	98,99
Guatemala	1971	Guatemala	63.089108911	98,99
Guatemala	1970	Guatemala	64.316831683	98,99
Guatemala	1969	Guatemala	61.821782178	98,99
Guinea	2008	Conakry	509.18584116	
Guinea	2007	Conakry	422.24330256	
Guinea	2006	Conakry	328.60847646	
Guinea	2005	Conakry	230.56932439	
Guinea	2004	Conakry	168.29101122	
Guinea	2003	Conakry	138.84494617	
Guinea	2002	Conakry	114.3980771	100
Guinea	2000	Conakry	100	
Guinea	1999	Conakry	96.16745283	
Guinea	1998	Conakry	91.214622642	
Guinea	1997	Conakry	82.841981132	
Guinea	1996	Conakry	83.254716981	2
Guinea	1995	Conakry	82.060686805	
Guinea	1994	Conakry	76.013501717	
Guinea	1993	Conakry	72.585479598	
Guinea	1992	Conakry	64.612439387	
Guinea	1991	Conakry	57.274931368	
Guinea	1990	Conakry	49.205598401	
Guinea	1989	Conakry	41.791056176	
Guinea	1988	Conakry	32.835829853	
Guinea	1987	Conakry	24.785755437	
Guinea-Bissau	2008	Bissau	129.10216718	26,44
Guinea-Bissau	2007	Bissau	111.33126935	26,44
Guinea-Bissau	2006	Bissau	105.15995872	26,44
Guinea-Bissau	2005	Bissau	104.74716202	26,44
Guinea-Bissau	2004	Bissau	101.08359133	26,44
Guinea-Bissau	2003	Bissau	100	26,44,45
Guinea-Bissau	2000	Bissau	100	26,44
Guinea-Bissau	1999	Bissau	93.23684254	26,44
Guinea-Bissau	1998	Bissau	95.223870744	26,44
Guinea-Bissau	1997	Bissau	88.161448792	26,44
Guinea-Bissau	1996	Bissau	59.126741813	26,44
Guinea-Bissau	1995	Bissau	39.226203247	26,44
Guinea-Bissau	1994	Bissau	26.984415141	26,44
Guinea-Bissau	1993	Bissau	23.428998949	26,44
Guinea-Bissau	1992	Bissau	15.806006194	26,44
Guinea-Bissau	1991	Bissau	9.3283602616	26,44
Guinea-Bissau	1990	Bissau	5.9187254853	26,44
Guinea-Bissau	1989	Bissau	4.4504590739	26,44
Guinea-Bissau	1988	Bissau	2.4617805137	26,44
Guinea-Bissau	1987	Bissau	1.5353808746	26,44
Guinea-Bissau	1986	Bissau	0.7976718983	26,44,96
Guyana	2008	Georgetown	172.3325062	17,101
Guyana	2007	Georgetown	150.29776675	17,101
Guyana	2006	Georgetown	129.95657568	17,101
Guyana	2005	Georgetown	121.7369727	17,101
Guyana	2004	Georgetown	113.27543424	17,101
Guyana	2003	Georgetown	108.49875931	17,101
Guyana	2002	Georgetown	104.44789082	17,101
Guyana	2001	Georgetown	100.55210918	17,101
Guyana	2000	Georgetown	100	17,101
Guyana	1999	Georgetown	96.029776675	17,101
Guyana	1998	Georgetown	88.300248139	17,101
Guyana	1997	Georgetown	85.210918114	17,101
Guyana	1996	Georgetown	84.503722084	17,101
Guyana	1995	Georgetown	78.560794045	17,101
Guyana	1994	Georgetown	67.109181141	2,17,101
Guyana	1993	Georgetown	60.218156707	17,101
Guyana	1992	Georgetown	56.250597184	17,101
Guyana	1991	Georgetown	45.162312412	17,101
Guyana	1990	Georgetown	29.48784206	17,101,102
Guyana	1989	Georgetown	170.42234018	17,97,101
Guyana	1988	Georgetown	100	17,101
Guyana	1987	Georgetown	68.049849988	17,101
Guyana	1986	Georgetown	52.342487884	17,101
Guyana	1985	Georgetown	48.151396261	17,101
Guyana	1984	Georgetown	38.970690053	17,101,103
Guyana	1983	Georgetown	30.039233787	17,101
Guyana	1982	Georgetown	24.851142396	17,101
Guyana	1981	Georgetown	19.215324256	17,101
Guyana	1980	Georgetown	15.056542811	17,101
Guyana	1979	Georgetown	13.431802446	17,101
Guyana	1978	Georgetown	11.294714978	17,101
Guyana	1977	Georgetown	9.6330486961	17,101
Guyana	1976	Georgetown	8.8760673898	17,101
Guyana	1975	Georgetown	7.8006000462	17,101
Guyana	1974	Georgetown	7.1959381491	17,101
Guyana	1973	Georgetown	5.6912070159	17,101
Guyana	1972	Georgetown	5.0819293792	17,101
Guyana	1971	Georgetown	4.6711285483	17,101
Guyana	1970	Georgetown	4.6157396723	17,101
Haiti	2008	Not applicable	388.58783824	15,26,104
Haiti	2007	Not applicable	324.5080555	15,26,104
Haiti	2006	Not applicable	300.14997634	15,26,104
Haiti	2005	Not applicable	263.21335771	2,15,26,104
Haiti	2004	Not applicable	223.18778232	15,26,104
Haiti	2003	Not applicable	174.15931742	15,26,104
Haiti	2002	Not applicable	127.43242274	15,26,104
Haiti	2001	Not applicable	115.50871155	15,26,104
Haiti	2000	Not applicable	100	15,26,104
Haiti	1999	Not applicable	91.137879114	15,26,104
Haiti	1998	Not applicable	89.424248942	15,26,104
Haiti	1997	Not applicable	81.494228149	14,15,26,104
Haiti	1995	Not applicable	216.35645798	15,26,104
Haiti	1994	Not applicable	226.45234067	15,26,104
Haiti	1993	Not applicable	160.34968979	15,26,104
Haiti	1992	Not applicable	126.28313593	15,26,104
Haiti	1991	Not applicable	114.60800902	15,26,104
Haiti	1990	Not applicable	100	15,26,104
Haiti	1989	Not applicable	81.443880429	15,26,104
Haiti	1988	Not applicable	75.578116187	15,26,104
Haiti	1987	Not applicable	71.009588268	15,26,104
Haiti	1986	Not applicable	87.535250987	15,26,104
Haiti	1985	Not applicable	84.771573604	15,26,104
Haiti	1984	Not applicable	75.860124083	15,26,104
Haiti	1983	Not applicable	71.517202482	15,26,104
Haiti	1982	Not applicable	64.410603497	15,26,104
Haiti	1982	Port-au-Prince	100	7
Haiti	1981	Port-au-Prince	100.71149874	7
Haiti	1981	Not applicable	63.846587704	15,26,104
Haiti	1980	Not applicable	56.401579244	15,26,104
Haiti	1980	Port-au-Prince	95.042460409	7
Haiti	1979	Port-au-Prince	69.658021574	7
Haiti	1978	Port-au-Prince	60.224925407	7
Haiti	1977	Port-au-Prince	64.746385127	7
Haiti	1976	Port-au-Prince	60.087215974	7
Haiti	1975	Port-au-Prince	56.506770714	7
Haiti	1974	Port-au-Prince	47.647463851	7
Haiti	1973	Port-au-Prince	42.345650677	7
Haiti	1972	Port-au-Prince	33.233876521	7
Haiti	1971	Port-au-Prince	30.204268992	7
Haiti	1970	Port-au-Prince	28.18453064	7
Haiti	1969	Port-au-Prince	28.069772779	7
Honduras	2008	Not applicable	189.28571429	
Honduras	2007	Not applicable	159.16190476	
Honduras	2006	Not applicable	143.6952381	
Honduras	2005	Not applicable	137.46666667	
Honduras	2004	Not applicable	124.85714286	
Honduras	2003	Not applicable	116.95238095	
Honduras	2002	Not applicable	112.8	
Honduras	2001	Not applicable	108.65714286	
Honduras	2000	Not applicable	100	2
Honduras	1999	Not applicable	95.238095238	
Honduras	1998	Not applicable	88.275384423	
Honduras	1997	Not applicable	79.013873846	
Honduras	1996	Not applicable	65.97260597	
Honduras	1995	Not applicable	52.909234249	
Honduras	1994	Not applicable	41.238404692	
Honduras	1993	Not applicable	32.382131253	
Honduras	1992	Not applicable	28.742364964	
Honduras	1991	Not applicable	27.055104883	
Honduras	1990	Not applicable	18.825107019	
Honduras	1989	Not applicable	14.875886917	
Honduras	1988	Not applicable	13.225466575	
Honduras	1987	Not applicable	12.216057706	
Honduras	1986	Not applicable	12.142378226	
Honduras	1985	Not applicable	11.810820568	
Honduras	1984	Not applicable	11.619253922	
Honduras	1983	Not applicable	11.582414182	
Honduras	1982	Not applicable	11.000346294	
Honduras	1981	Not applicable	10.307759186	
Honduras	1980	Not applicable	9.6078041305	
Honduras	1979	Not applicable	8.2078940194	
Honduras	1978	Not applicable	7.3679479528	2
Honduras	1977	Not applicable	6.941795712	
Honduras	1976	Not applicable	6.2352801549	
Honduras	1975	Not applicable	5.9997749692	
Honduras	1974	Not applicable	5.4839064672	
Honduras	1973	Not applicable	4.6839364713	
Honduras	1972	Not applicable	4.4521694631	
Honduras	1971	Not applicable	4.2503078754	
Honduras	1970	Not applicable	4.1194716611	
Honduras	1969	Not applicable	3.9176100733	
Hong Kong, China	2008	Not applicable	114.95772177	
Hong Kong, China	2007	Not applicable	104.3733791	
Hong Kong, China	2006	Not applicable	100.0612395	
Hong Kong, China	2005	Not applicable	98.395185557	2
Hong Kong, China	2004	Not applicable	96.690070211	
Hong Kong, China	2003	Not applicable	95.687061184	
Hong Kong, China	2002	Not applicable	97.091273821	
Hong Kong, China	2001	Not applicable	99.197592778	
Hong Kong, China	2000	Not applicable	100	36
Hong Kong, China	1999	Not applicable	102.24299065	
Hong Kong, China	1998	Not applicable	104.11214953	
Hong Kong, China	1997	Not applicable	102.14953271	
Hong Kong, China	1996	Not applicable	98.598130841	
Hong Kong, China	1995	Not applicable	94.859813084	
Hong Kong, China	1994	Not applicable	88.598130841	
Hong Kong, China	1993	Not applicable	82.897196262	
Hong Kong, China	1992	Not applicable	77.102803738	
Hong Kong, China	1991	Not applicable	70.747663551	
Hong Kong, China	1990	Not applicable	63.457943925	
Hong Kong, China	1990	Low expenditure group	100	1
Hong Kong, China	1989	Low expenditure group	90.962099125	1
Hong Kong, China	1989	Not applicable	57.757009346	
Hong Kong, China	1988	Not applicable	51.308411215	
Hong Kong, China	1988	Low expenditure group	80.903790087	1
Hong Kong, China	1987	Low expenditure group	73.906705539	1
Hong Kong, China	1987	Not applicable	46.822429907	
Hong Kong, China	1986	Not applicable	44.579439252	
Hong Kong, China	1986	Low expenditure group	70.55393586	1
Hong Kong, China	1985	Low expenditure group	69.679300292	1
Hong Kong, China	1985	Not applicable	43.925233645	
Hong Kong, China	1984	Not applicable	43.551401869	
Hong Kong, China	1984	Low expenditure group	69.387755102	1,2
Hong Kong, China	1983	Low expenditure group	64.996125032	1
Hong Kong, China	1983	Not applicable	40.841121495	
Hong Kong, China	1982	Not applicable	37.570093458	
Hong Kong, China	1982	Low expenditure group	59.823760728	1
Hong Kong, China	1981	Low expenditure group	53.577886851	1
Hong Kong, China	1981	Not applicable	33.551401869	
Hong Kong, China	1980	Low expenditure group	46.063319843	1,2
Hong Kong, China	1979	Low expenditure group	40.171499863	1
Hong Kong, China	1978	Low expenditure group	36.243619876	1
Hong Kong, China	1977	Low expenditure group	33.922599884	1
Hong Kong, China	1976	Low expenditure group	31.780119891	1
Hong Kong, China	1975	Low expenditure group	30.842784895	1
Hong Kong, China	1974	Low expenditure group	31.155229894	1
Hong Kong, China	1973	Low expenditure group	26.825634908	1
Hong Kong, China	1972	Low expenditure group	21.603339926	1
Hong Kong, China	1971	Low expenditure group	20.175019931	1
Hong Kong, China	1970	Low expenditure group	19.460859934	1
Hungary	2008	Not applicable	177.90762382	
Hungary	2007	Not applicable	161.45427564	
Hungary	2006	Not applicable	144.83398256	
Hungary	2005	Not applicable	134.48339826	
Hungary	2004	Not applicable	131.2001484	
Hungary	2003	Not applicable	123.1867928	
Hungary	2002	Not applicable	119.94064181	
Hungary	2001	Not applicable	113.80077908	
Hungary	2000	Not applicable	100	
Hungary	1999	Not applicable	91.578556854	
Hungary	1998	Not applicable	89.000185494	
Hungary	1997	Not applicable	77.796327212	
Hungary	1996	Not applicable	66.202930811	
Hungary	1995	Not applicable	56.445928399	
Hungary	1994	Not applicable	43.053236876	
Hungary	1993	Not applicable	34.89148581	
Hungary	1992	Not applicable	27.002411426	
Hungary	1991	Not applicable	22.611760341	
Hungary	1990	Not applicable	18.549434242	2
Hungary	1989	Not applicable	13.720586908	
Hungary	1988	Not applicable	11.655838393	
Hungary	1987	Not applicable	10.063983892	
Hungary	1986	Not applicable	9.2181030489	
Hungary	1985	Not applicable	9.0382701137	
Hungary	1984	Not applicable	8.5054317872	
Hungary	1983	Not applicable	7.5862856739	
Hungary	1982	Not applicable	7.2199593245	
Hungary	1981	Not applicable	6.8869353704	
Hungary	1980	Not applicable	6.6604790816	
Hungary	1979	Not applicable	5.87454255	
Hungary	1978	Not applicable	5.3283832653	
Hungary	1977	Not applicable	5.141889851	
Hungary	1976	Not applicable	4.8754706877	
Hungary	1975	Not applicable	4.4225581102	
Hungary	1974	Not applicable	4.3759347566	
Hungary	1973	Not applicable	4.3559533194	
Hungary	1972	Not applicable	4.1561389469	
Hungary	1971	Not applicable	4.1161760724	
Hungary	1970	Not applicable	4.0362503234	
Hungary	1969	Not applicable	3.996287449	
Iceland	2008	Not applicable	132.27272727	105
Iceland	2007	Not applicable	113.80681818	105
Iceland	2006	Not applicable	115.68181818	105
Iceland	2005	Not applicable	106.70454545	105
Iceland	2004	Not applicable	109.65909091	105
Iceland	2003	Not applicable	108.40909091	105
Iceland	2002	Not applicable	111.07954545	105
Iceland	2001	Not applicable	107.38636364	105
Iceland	2000	Not applicable	100	105
Iceland	1999	Not applicable	96.193181818	105
Iceland	1998	Not applicable	93.011363636	105
Iceland	1997	Not applicable	90.681818182	105
Iceland	1996	Not applicable	87.784090909	105
Iceland	1995	Not applicable	85.170454545	105
Iceland	1994	Not applicable	82.670454545	105
Iceland	1993	Not applicable	84.602272727	105
Iceland	1992	Not applicable	82.840909091	105
Iceland	1991	Not applicable	81.704545455	105
Iceland	1990	Not applicable	79.431818182	105,106
Iceland	1990	Reykjavik	100	1,52
Iceland	1989	Reykjavik	88.721264368	1,52
Iceland	1989	Not applicable	70.49086758	105
Iceland	1988	Not applicable	59.132420091	105
Iceland	1988	Reykjavik	74.425287356	1,52
Iceland	1987	Reykjavik	55.603448276	1,2,52
Iceland	1987	Not applicable	44.178082192	105
Iceland	1986	Not applicable	37.842465753	105
Iceland	1986	Reykjavik	48.129341426	1,52
Iceland	1985	Reykjavik	39.1876572	1,52
Iceland	1985	Not applicable	30.821917808	105
Iceland	1984	Not applicable	22.374429224	105
Iceland	1984	Reykjavik	28.462262467	1,2,52
Iceland	1983	Reykjavik	21.748996348	1,52
Iceland	1983	Not applicable	17.066210046	105
Iceland	1982	Not applicable	8.8470319635	105
Iceland	1982	Reykjavik	11.237252563	1,52
Iceland	1981	Reykjavik	7.7170709555	1,2,52
Iceland	1981	Not applicable	6.0502283105	105
Iceland	1980	Not applicable	3.8812785388	105
Iceland	1980	Reykjavik	4.9695890969	1,52
Iceland	1979	Reykjavik	3.0064034717	1,52
Iceland	1979	Not applicable	2.3401826484	105
Iceland	1978	Not applicable	1.7694063927	105
Iceland	1978	Reykjavik	2.2669030659	1,52
Iceland	1977	Reykjavik	1.576469826	1,52
Iceland	1976	Reykjavik	1.1895876973	1,52
Iceland	1975	Reykjavik	0.8747261885	1,52
Iceland	1974	Reykjavik	0.5801568636	1,52
Iceland	1973	Reykjavik	0.3995231612	1,52
Iceland	1972	Reykjavik	0.3072103575	1,52
Iceland	1971	Reykjavik	0.263632061	1,52
Iceland	1970	Reykjavik	0.2586421797	1,52
Iceland	1969	Reykjavik	0.2232140226	1,52
India	2008	Agricultural workers	143.32247557	
India	2008	Industrial workers	152.29646018	
India	2008	Urban non-manual employees	148.40425532	17,107
India	2008	Delhi, Industrial workers	143.69383698	
India	2007	Delhi, Industrial workers	130.5387674	
India	2007	Urban non-manual employees	134.04255319	17,107
India	2007	Industrial workers	136.96460177	
India	2007	Agricultural workers	130.29315961	
India	2006	Agricultural workers	119.21824104	
India	2006	Industrial workers	124.69911504	2
India	2006	Urban non-manual employees	123.40425532	17,107
India	2006	Delhi, Industrial workers	118.39562624	2
India	2005	Delhi, Industrial workers	114.51292247	
India	2005	Urban non-manual employees	114.89361702	17,107
India	2005	Industrial workers	115.04424779	
India	2005	Agricultural workers	111.07491857	
India	2004	Agricultural workers	107.81758958	
India	2004	Industrial workers	111.50442478	
India	2004	Urban non-manual employees	111.17021277	17,107
India	2004	Delhi, Industrial workers	112.32604374	
India	2003	Delhi, Industrial workers	107.75347913	
India	2003	Urban non-manual employees	107.71276596	17,107
India	2003	Industrial workers	108.40707965	
India	2003	Agricultural workers	104.88599349	
India	2002	Agricultural workers	100.3257329	
India	2002	Industrial workers	104.86725664	
India	2002	Urban non-manual employees	105.31914894	17,107
India	2002	Delhi, Industrial workers	102.58449304	
India	2001	Delhi, Industrial workers	101.19284294	
India	2001	Urban non-manual employees	102.92553191	17,107
India	2001	Industrial workers	102.21238938	
India	2001	Agricultural workers	97.719869707	
India	2000	Agricultural workers	100	
India	2000	Industrial workers	100	
India	2000	Urban non-manual employees	100	17,107
India	2000	Delhi, Industrial workers	100	
India	1999	Delhi, Industrial workers	96.222664016	
India	1999	Urban non-manual employees	98.670212766	17,107
India	1999	Industrial workers	98.230088496	
India	1999	Agricultural workers	100.9771987	
India	1998	Agricultural workers	95.439739414	
India	1998	Industrial workers	96.681415929	
India	1998	Urban non-manual employees	96.542553191	17,107
India	1998	Delhi, Industrial workers	98.608349901	
India	1997	Delhi, Industrial workers	84.095427435	
India	1997	Urban non-manual employees	84.840425532	17,107
India	1997	Industrial workers	84.07079646	
India	1997	Agricultural workers	85.342019544	
India	1996	Agricultural workers	82.410423453	2
India	1996	Industrial workers	79.424778761	
India	1996	Urban non-manual employees	79.521276596	17,107
India	1996	Delhi, Industrial workers	77.932405567	
India	1995	Delhi, Industrial workers	74.751491054	
India	1995	Urban non-manual employees	73.138297872	17,107
India	1995	Industrial workers	73.230088496	
India	1995	Agricultural workers	75.000255277	27
India	1994	Agricultural workers	67.699345471	
India	1994	Industrial workers	65.486725664	
India	1994	Urban non-manual employees	65.691489362	17,107
India	1994	Delhi, Industrial workers	66.998011928	
India	1993	Delhi, Industrial workers	60.238568588	
India	1993	Industrial workers	58.628318584	
India	1993	Urban non-manual employees	59.308510638	17,107
India	1993	Agricultural workers	60.347380352	
India	1992	Agricultural workers	60.041048472	
India	1992	Urban non-manual employees	56.117021277	17,107
India	1992	Industrial workers	55.530973451	
India	1992	Delhi, Industrial workers	53.677932406	
India	1991	Delhi, Industrial workers	48.310139165	
India	1991	Industrial workers	49.115044248	
India	1991	Urban non-manual employees	49.734042553	17,107
India	1991	Agricultural workers	50.851092073	
India	1990	Agricultural workers	42.580131314	
India	1990	Urban non-manual employees	42.553191489	17,107
India	1990	Industrial workers	42.256637168	
India	1990	Delhi, Industrial workers	41.749502982	
India	1989	Delhi, Industrial workers	37.773359841	2
India	1989	Industrial workers	38.716814159	2
India	1989	Urban non-manual employees	38.829787234	17,107
India	1989	Agricultural workers	41.507969734	
India	1988	Agricultural workers	38.393595621	
India	1988	Urban non-manual employees	36.436170213	14,17,107
India	1988	Industrial workers	36.562177915	
India	1988	Delhi, Industrial workers	35.143974861	103
India	1987	Delhi, Industrial workers	33.091771949	
India	1987	Industrial workers	33.319117177	
India	1987	Urban non-manual employees	108.64022663	17,27,107
India	1987	Agricultural workers	33.543340855	
India	1986	Agricultural workers	31.296907069	
India	1986	Urban non-manual employees	100	17,107
India	1986	Industrial workers	30.431460355	
India	1986	Delhi, Industrial workers	30.098976036	
India	1985	Delhi, Industrial workers	27.277197033	
India	1985	Industrial workers	27.81035647	
India	1985	Urban non-manual employees	92.067988669	17,107
India	1985	Agricultural workers	29.714192356	
India	1984	Agricultural workers	28.948362656	
India	1984	Urban non-manual employees	87.535410765	17,107
India	1984	Industrial workers	26.8329957	
India	1984	Delhi, Industrial workers	25.182239894	
India	1983	Delhi, Industrial workers	23.130036982	
India	1983	Industrial workers	25.055976117	
India	1983	Urban non-manual employees	80.59490085	17,107
India	1983	Agricultural workers	28.642030776	
India	1982	Agricultural workers	25.578711977	
India	1982	Urban non-manual employees	72.521246459	17,107
India	1982	Industrial workers	22.123893805	
India	1982	Delhi, Industrial workers	21.163342525	
India	1981	Delhi, Industrial workers	19.837961478	
India	1981	Industrial workers	20.65785265	
India	1981	Urban non-manual employees	67.988668555	17,107
India	1981	Agricultural workers	24.455495083	
India	1980	Agricultural workers	21.34112097	
India	1980	Urban non-manual employees	59.915014164	17,107
India	1980	Industrial workers	18.036748765	
India	1980	Delhi, Industrial workers	17.657495885	
India	1979	Delhi, Industrial workers	16.161097929	
India	1979	Industrial workers	16.082027224	
India	1979	Urban non-manual employees	52.974504249	17,107
India	1979	Agricultural workers	18.328857484	
India	1978	Agricultural workers	17.511972471	
India	1978	Urban non-manual employees	50.424929178	17,107
India	1978	Industrial workers	15.371219391	
India	1978	Delhi, Industrial workers	15.690801428	
India	1977	Delhi, Industrial workers	15.1777507	
India	1977	Industrial workers	15.237942922	
India	1977	Urban non-manual employees	49.008498584	17,107
India	1977	Agricultural workers	17.665138411	
India	1976	Agricultural workers	15.827147131	
India	1976	Urban non-manual employees	44.759206799	17,107
India	1976	Industrial workers	13.860752745	
India	1976	Delhi, Industrial workers	14.023386562	
India	1975	Delhi, Industrial workers	14.921225336	
India	1975	Industrial workers	15.859899776	
India	1975	Urban non-manual employees	47.733711048	17,107
India	1975	Agricultural workers	20.473180644	
India	1974	Agricultural workers	18.941521244	
India	1974	Urban non-manual employees	45.042492918	17,107
India	1974	Industrial workers	15.193517433	
India	1974	Delhi, Industrial workers	15.006733791	
India	1973	Delhi, Industrial workers	11.800166741	
India	1973	Industrial workers	11.639478267	
India	1973	Urban non-manual employees	36.11898017	17,107
India	1973	Agricultural workers	13.887045225	
India	1972	Agricultural workers	11.640611438	
India	1972	Urban non-manual employees	30.878186969	17,107
India	1972	Industrial workers	9.5959057469	
India	1972	Delhi, Industrial workers	9.8762265119	
India	1971	Delhi, Industrial workers	9.4486842387	
India	1971	Industrial workers	9.0183743825	
India	1971	Urban non-manual employees	29.036827195	17,107
India	1971	Agricultural workers	10.568449859	
India	1970	Agricultural workers	10.772671112	
India	1970	Urban non-manual employees	28.753541076	17,107
India	1970	Industrial workers	8.8850979138	
India	1970	Delhi, Industrial workers	9.1494046474	
India	1969	Delhi, Industrial workers	8.6363539195	
India	1969	Urban non-manual employees	27.195467422	17,107
India	1969	Agricultural workers	10.313173292	
India	1969	Industrial workers	8.4408430181	
Indonesia	2008	Not applicable	210.90650544	
Indonesia	2007	Not applicable	180.38531084	2
Indonesia	2006	Not applicable	161.88764337	
Indonesia	2005	Not applicable	140.33707952	
Indonesia	2004	Not applicable	128.34184096	2
Indonesia	2003	Not applicable	121.16465863	
Indonesia	2002	Not applicable	120.19277108	
Indonesia	2001	Not applicable	108.46184739	
Indonesia	2000	Not applicable	100	
Indonesia	1999	Not applicable	105.03212851	108
Indonesia	1998	Not applicable	84.02811245	2
Indonesia	1997	Not applicable	43.696664995	
Indonesia	1996	Not applicable	40.16064257	
Indonesia	1995	Not applicable	36.667481023	
Indonesia	1994	Not applicable	32.359962797	
Indonesia	1993	Not applicable	29.209688273	
Indonesia	1992	Not applicable	27.302379207	
Indonesia	1991	Not applicable	25.352209264	
Indonesia	1990	Not applicable	23.466330637	
Indonesia	1989	Not applicable	21.880478156	2
Indonesia	1988	Not applicable	20.257045778	
Indonesia	1987	Not applicable	17.937297826	
Indonesia	1986	Not applicable	16.156738057	
Indonesia	1985	Not applicable	14.875595638	
Indonesia	1984	Not applicable	14.528089832	
Indonesia	1983	Not applicable	13.220868178	
Indonesia	1982	Not applicable	12.111196729	
Indonesia	1981	Not applicable	11.438352466	
Indonesia	1980	Not applicable	9.966831632	
Indonesia	1979	Not applicable	8.5161741857	
Indonesia	1978	Djakarta	100	48
Indonesia	1977	Djakarta	92.776457567	48
Indonesia	1976	Djakarta	83.82434324	48
Indonesia	1975	Djakarta	68.687131743	48
Indonesia	1974	Djakarta	56.967186432	48
Indonesia	1973	Djakarta	40.326833556	48
Indonesia	1972	Djakarta	28.126729386	48
Indonesia	1971	Djakarta	25.476089716	48
Indonesia	1970	Djakarta	24.838455028	48
Indonesia	1969	Djakarta	22.736335818	48
Iran, Islamic Rep. of	2008	Not applicable	131.02689318	109
Iran, Islamic Rep. of	2007	Not applicable	100	109,110
Iran, Islamic Rep. of	2006	Not applicable	205.49450549	109
Iran, Islamic Rep. of	2005	Not applicable	186.32478632	109
Iran, Islamic Rep. of	2004	Not applicable	164.83516484	109
Iran, Islamic Rep. of	2003	Not applicable	145.90964591	109
Iran, Islamic Rep. of	2002	Not applicable	123.99267399	109
Iran, Islamic Rep. of	2001	Not applicable	106.59340659	109
Iran, Islamic Rep. of	2000	Not applicable	100	109
Iran, Islamic Rep. of	1999	Not applicable	89.316239316	2,109
Iran, Islamic Rep. of	1998	Not applicable	71.874010763	109
Iran, Islamic Rep. of	1997	Not applicable	58.169402614	109
Iran, Islamic Rep. of	1996	Not applicable	52.852959797	109
Iran, Islamic Rep. of	1995	Not applicable	42.284515896	109
Iran, Islamic Rep. of	1994	Not applicable	26.571473794	109
Iran, Islamic Rep. of	1993	Not applicable	20.159521548	109
Iran, Islamic Rep. of	1992	Not applicable	16.615226337	109
Iran, Islamic Rep. of	1991	Not applicable	12.426513815	109
Iran, Islamic Rep. of	1990	Not applicable	10.43956044	2,109
Iran, Islamic Rep. of	1989	Not applicable	10.132078709	109
Iran, Islamic Rep. of	1988	Not applicable	8.4094400986	109
Iran, Islamic Rep. of	1987	Not applicable	7.4277213206	109
Iran, Islamic Rep. of	1986	Not applicable	5.9866322464	109
Iran, Islamic Rep. of	1985	Not applicable	4.7492961262	2,109
Iran, Islamic Rep. of	1984	Not applicable	4.5123780539	109
Iran, Islamic Rep. of	1983	Not applicable	4.140598925	109
Iran, Islamic Rep. of	1982	Not applicable	3.4963640131	109
Iran, Islamic Rep. of	1981	Not applicable	2.9915462744	109
Iran, Islamic Rep. of	1980	Not applicable	2.3072175348	109
Iran, Islamic Rep. of	1979	Not applicable	1.7960212327	109,111
Iran, Islamic Rep. of	1978	Not applicable	1.4661583782	109
Iran, Islamic Rep. of	1977	Not applicable	1.2337964226	109
Iran, Islamic Rep. of	1976	Not applicable	1.0378834013	109
Iran, Islamic Rep. of	1975	Not applicable	0.9713640964	109
Iran, Islamic Rep. of	1974	Not applicable	0.8656621872	109
Iran, Islamic Rep. of	1973	Not applicable	0.7472031511	109
Iran, Islamic Rep. of	1972	Not applicable	0.6989083133	109
Iran, Islamic Rep. of	1971	Not applicable	0.6433236886	109
Iran, Islamic Rep. of	1970	Not applicable	0.603229861	109
Iran, Islamic Rep. of	1969	Not applicable	0.5995849676	109
Iraq	2008	Not applicable	300.03947888	112
Iraq	2007	Not applicable	270.44347941	112
Iraq	2006	Not applicable	237.44900645	112
Iraq	2005	Not applicable	182.85629688	112
Iraq	2004	Not applicable	149.4999342	112
Iraq	2003	Not applicable	137.47861561	112
Iraq	2002	Not applicable	118.02539808	112
Iraq	2001	Not applicable	108.19186735	112
Iraq	2000	Not applicable	100	112
Iraq	1999	Not applicable	103.17804974	112
Iraq	1998	Not applicable	103.17146993	112
Iraq	1997	Not applicable	92.749045927	112
Iraq	1996	Not applicable	80.296749572	112
Iraq	1995	Not applicable	104.20450059	112
Iraq	1994	Not applicable	19.765758652	112
Iraq	1993	Not applicable	3.2899065667	112
Iraq	1992	Not applicable	1.0429003816	14,112
Iraq	1991	Not applicable	363.86363636	112,113
Iraq	1990	Not applicable	100	2,112
Iraq	1989	Not applicable	76.685979143	112
Iraq	1988	Not applicable	71.610660487	112
Iraq	1987	Not applicable	57.98377752	112
Iraq	1986	Not applicable	47.114716107	112
Iraq	1985	Not applicable	46.790266512	112
Iraq	1984	Not applicable	45.701042874	112
Iraq	1983	Not applicable	43.221320973	112
Iraq	1982	Not applicable	38.099652375	112
Iraq	1981	Not applicable	30.475086906	112
Iraq	1979	Not applicable	23.174971031	65,112
Iraq	1978	Not applicable	100	112
Iraq	1977	Not applicable	94.719687093	112
Iraq	1976	Not applicable	87.548891786	112
Iraq	1975	Not applicable	78.748370274	112
Iraq	1974	Not applicable	71.773142112	112
Iraq	1973	Not applicable	65.18904824	112
Ireland	2008	Not applicable	123.53149446	
Ireland	2007	Not applicable	115.95911557	2
Ireland	2006	Not applicable	112.6939314	
Ireland	2005	Not applicable	111.16956904	
Ireland	2004	Not applicable	111.93175022	
Ireland	2003	Not applicable	112.2583993	
Ireland	2002	Not applicable	110.73403694	
Ireland	2001	Not applicable	106.99934916	2
Ireland	2000	Not applicable	100	
Ireland	1999	Not applicable	96.394019349	
Ireland	1998	Not applicable	93.315743184	
Ireland	1997	Not applicable	89.533861038	2
Ireland	1996	Not applicable	88.028718102	
Ireland	1995	Not applicable	86.313366642	
Ireland	1994	Not applicable	83.740339452	
Ireland	1993	Not applicable	81.011371221	
Ireland	1992	Not applicable	80.699489137	
Ireland	1991	Not applicable	79.373990282	
Ireland	1990	Not applicable	78.282402989	2
Ireland	1989	Not applicable	76.916115285	
Ireland	1988	Not applicable	73.475423259	
Ireland	1987	Not applicable	71.477602083	
Ireland	1986	Not applicable	69.590770972	
Ireland	1985	Not applicable	66.64953424	
Ireland	1984	Not applicable	64.207752803	
Ireland	1983	Not applicable	58.491764437	2
Ireland	1982	Not applicable	54.138185908	
Ireland	1981	Not applicable	47.828848453	
Ireland	1980	Not applicable	41.609967448	
Ireland	1979	Not applicable	37.58465538	
Ireland	1978	Not applicable	32.745235253	
Ireland	1977	Not applicable	29.782786483	
Ireland	1976	Not applicable	25.576561513	2
Ireland	1975	Not applicable	21.952765928	
Ireland	1974	Not applicable	18.073522669	
Ireland	1973	Not applicable	15.763744239	
Ireland	1972	Not applicable	13.532932593	
Ireland	1971	Not applicable	12.101659635	
Ireland	1970	Not applicable	11.272508404	
Ireland	1969	Not applicable	10.472969717	
Isle of Man	2008	Not applicable	152.28628231	
Isle of Man	2007	Not applicable	141.15308151	
Isle of Man	2006	Not applicable	135.08946322	
Isle of Man	2005	Not applicable	131.0139165	
Isle of Man	2004	Not applicable	126.27236581	
Isle of Man	2003	Not applicable	119.58250497	
Isle of Man	2002	Not applicable	113.02186879	
Isle of Man	2001	Not applicable	104.87077535	
Isle of Man	2000	Not applicable	100	2
Isle of Man	1999	Not applicable	96.959228237	
Isle of Man	1998	Not applicable	93.583696882	
Isle of Man	1997	Not applicable	88.210006161	
Isle of Man	1996	Not applicable	87.143027859	
Isle of Man	1995	Not applicable	82.487122542	
Isle of Man	1994	Not applicable	79.480183691	
Isle of Man	1993	Not applicable	77.094032216	
Isle of Man	1992	Not applicable	73.796099283	
Isle of Man	1991	Not applicable	70.672762799	
Isle of Man	1990	Not applicable	65.473668527	
Isle of Man	1989	Not applicable	59.731385303	
Isle of Man	1988	Not applicable	55.347074462	
Isle of Man	1987	Not applicable	51.777547052	
Isle of Man	1986	Not applicable	48.809407412	
Isle of Man	1985	Not applicable	46.927645679	
Isle of Man	1984	Not applicable	45.065283552	
Isle of Man	1983	Not applicable	41.883748252	
Isle of Man	1982	Not applicable	39.769191254	
Isle of Man	1981	Not applicable	36.85925043	
Isle of Man	1980	Not applicable	33.735913946	
Isle of Man	1979	Not applicable	29.060609023	
Isle of Man	1978	Not applicable	25.879073723	
Isle of Man	1977	Not applicable	23.764516725	
Isle of Man	1976	Not applicable	20.524782608	111
Israel	2008	Not applicable	133.1669976	
Israel	2007	Not applicable	119.4704784	
Israel	2006	Not applicable	115.0968	2
Israel	2005	Not applicable	109.9322	
Israel	2004	Not applicable	107.99284	
Israel	2003	Not applicable	108.3512	
Israel	2002	Not applicable	105.4	2
Israel	2001	Not applicable	102.5	
Israel	2000	Not applicable	100	2
Israel	1999	Not applicable	97.716894977	
Israel	1998	Not applicable	91.324200913	2
Israel	1997	Not applicable	86.485832653	
Israel	1996	Not applicable	79.107321056	
Israel	1995	Not applicable	72.152166682	
Israel	1994	Not applicable	67.313798421	
Israel	1993	Not applicable	60.479603254	2
Israel	1992	Not applicable	57.556904723	
Israel	1991	Not applicable	50.959129823	
Israel	1990	Not applicable	44.795419061	
Israel	1989	Not applicable	41.265030737	
Israel	1988	Not applicable	34.233191698	
Israel	1987	Not applicable	28.937609212	2
Israel	1986	Not applicable	24.914026174	
Israel	1985	Not applicable	16.094332154	2
Israel	1984	Not applicable	3.8642759244	
Israel	1983	Not applicable	0.821153056	
Israel	1982	Not applicable	0.3194323318	
Israel	1981	Not applicable	0.1479280344	2
Israel	1980	Not applicable	0.0743730691	
Israel	1979	Not applicable	0.0282475738	
Israel	1978	Not applicable	0.0158406167	
Israel	1977	Not applicable	0.0108274736	2
Israel	1976	Not applicable	0.0076303549	
Israel	1975	Not applicable	0.0059766208	
Israel	1974	Not applicable	0.0040892669	
Israel	1973	Not applicable	0.0028310309	
Israel	1972	Not applicable	0.002345396	
Israel	1971	Not applicable	0.0021577643	
Israel	1970	Not applicable	0.0019002306	
Israel	1969	Not applicable	0.0018395263	
Italy	2008	Not applicable	125.39534884	
Italy	2007	Not applicable	118.97674419	
Italy	2006	Not applicable	115.62790698	
Italy	2005	Not applicable	113.6744186	
Italy	2004	Not applicable	113.6744186	
Italy	2003	Not applicable	111.25581395	
Italy	2002	Not applicable	107.90697674	
Italy	2001	Not applicable	104.09302326	
Italy	2000	Not applicable	100	
Italy	1999	Not applicable	98.418604651	114
Italy	1998	Not applicable	97.581395349	
Italy	1997	Not applicable	96.558139535	
Italy	1996	Not applicable	96.930232558	
Italy	1995	Not applicable	93.023255814	2
Italy	1994	Not applicable	87.690712487	
Italy	1993	Not applicable	84.728188417	
Italy	1992	Not applicable	82.876610872	115
Italy	1991	Not applicable	79.025329581	
Italy	1990	Not applicable	74.063101763	2
Italy	1989	Not applicable	69.757107474	
Italy	1988	Not applicable	65.623352957	
Italy	1987	Not applicable	63.154582898	
Italy	1986	Not applicable	60.570986325	
Italy	1985	Not applicable	57.41325718	2
Italy	1984	Not applicable	52.82783897	
Italy	1983	Not applicable	48.401636669	
Italy	1982	Not applicable	43.115668454	
Italy	1981	Not applicable	37.033620688	2
Italy	1980	Not applicable	31.843182019	
Italy	1979	Not applicable	27.549512221	
Italy	1978	Not applicable	24.324652931	
Italy	1977	Not applicable	21.542060058	2
Italy	1976	Not applicable	18.427767372	
Italy	1975	Not applicable	15.74038463	
Italy	1974	Not applicable	13.336365375	
Italy	1973	Not applicable	11.325398697	
Italy	1972	Not applicable	10.109677933	
Italy	1971	Not applicable	9.5063879301	
Italy	1970	Not applicable	9.1407576251	
Italy	1969	Not applicable	8.7659865624	
Jamaica	2008	Not applicable	254.56171735	
Jamaica	2007	Not applicable	194.81216458	116
Jamaica	2006	Not applicable	171.98728621	
Jamaica	2005	Not applicable	161.44240957	
Jamaica	2004	Not applicable	136.52489784	
Jamaica	2003	Not applicable	120.23611321	
Jamaica	2002	Not applicable	109.70939912	
Jamaica	2001	Not applicable	103.44331769	
Jamaica	2000	Not applicable	100	
Jamaica	1999	Not applicable	93.446344786	
Jamaica	1998	Not applicable	91.357650976	
Jamaica	1997	Not applicable	85.356440139	
Jamaica	1996	Not applicable	79.135765098	
Jamaica	1995	Not applicable	63.773270773	
Jamaica	1994	Not applicable	52.996821553	
Jamaica	1993	Not applicable	38.300287574	
Jamaica	1992	Not applicable	31.617980929	
Jamaica	1991	Not applicable	17.8068715	
Jamaica	1990	Not applicable	11.502951415	
Jamaica	1989	Not applicable	9.4066898744	
Jamaica	1988	Not applicable	7.8553049796	2
Jamaica	1987	Not applicable	7.1760611837	
Jamaica	1986	Not applicable	6.6873474086	
Jamaica	1985	Not applicable	5.6783072541	
Jamaica	1984	Not applicable	4.5248743933	
Jamaica	1983	Not applicable	3.5235237911	
Jamaica	1982	Not applicable	3.1458813286	
Jamaica	1981	Not applicable	2.9647496497	
Jamaica	1980	Not applicable	2.6870713684	
Jamaica	1979	Not applicable	2.0146627302	
Jamaica	1978	Not applicable	1.5097154556	
Jamaica	1977	Not applicable	1.1038779675	
Jamaica	1976	Not applicable	1.0090401545	
Jamaica	1975	Not applicable	0.9261638675	
Jamaica	1974	Not applicable	0.7868975295	
Jamaica	1973	Not applicable	0.6091834295	
Jamaica	1972	Not applicable	0.4887137751	
Jamaica	1971	Not applicable	0.4664995126	
Jamaica	1970	Not applicable	0.4374500924	
Japan	2008	Not applicable	101.7456	
Japan	2007	Not applicable	99.1872	
Japan	2006	Not applicable	98.892	
Japan	2005	Not applicable	98.4	
Japan	2004	Not applicable	99.3	
Japan	2003	Not applicable	98.4	
Japan	2002	Not applicable	98.6	
Japan	2001	Not applicable	99.4	
Japan	2000	Not applicable	100	2
Japan	1999	Not applicable	101.98807157	
Japan	1998	Not applicable	102.48508946	
Japan	1997	Not applicable	101.09343936	
Japan	1996	Not applicable	99.30417495	
Japan	1995	Not applicable	99.403578529	2
Japan	1994	Not applicable	100.62153001	
Japan	1993	Not applicable	99.778332831	
Japan	1992	Not applicable	98.747758501	
Japan	1991	Not applicable	98.185627048	
Japan	1990	Not applicable	93.688575428	2
Japan	1989	Not applicable	90.074999141	
Japan	1988	Not applicable	88.136006988	
Japan	1987	Not applicable	87.519054939	
Japan	1986	Not applicable	88.312279001	
Japan	1985	Not applicable	88.136006988	2
Japan	1984	Not applicable	86.672209669	
Japan	1983	Not applicable	84.28390878	
Japan	1982	Not applicable	82.588985569	
Japan	1981	Not applicable	81.12518825	
Japan	1980	Not applicable	77.04196415	
Japan	1979	Not applicable	72.650572193	
Japan	1978	Not applicable	71.10973291	
Japan	1977	Not applicable	68.721432022	
Japan	1976	Not applicable	64.407082029	
Japan	1975	Not applicable	59.014144539	
Japan	1974	Not applicable	52.234451694	
Japan	1973	Not applicable	40.909282964	
Japan	1972	Not applicable	36.20972315	
Japan	1971	Not applicable	34.90000976	
Japan	1970	Not applicable	32.896918692	
Jersey	2008	Not applicable	137.9	117,118
Jersey	2007	Not applicable	122.1	117,118
Jersey	2006	Not applicable	117	117,118
Jersey	2005	Not applicable	114.4	117,118
Jersey	2004	Not applicable	114	117,118
Jersey	2003	Not applicable	109.6	117,118
Jersey	2002	Not applicable	107.3	117,118
Jersey	2001	Not applicable	105.1	117,118
Jersey	2000	Not applicable	100	2,117,118
Jersey	1999	Not applicable	100.31055901	117,118
Jersey	1998	Not applicable	98.819875776	117,118
Jersey	1997	Not applicable	95.341614907	117,118
Jersey	1996	Not applicable	95.465838509	117,118
Jersey	1995	Not applicable	88.447204969	117,118
Jersey	1994	Not applicable	81.242236025	117,118
Jersey	1993	Not applicable	85.093167702	117,118
Jersey	1992	Not applicable	80.931677019	117,118
Jersey	1991	Not applicable	77.51552795	117,118
Jersey	1990	Not applicable	71.614906832	117,118
Jersey	1989	Not applicable	64.596273292	117,118
Jordan	2008	Not applicable	158.16855469	17
Jordan	2007	Not applicable	133.14697266	17
Jordan	2006	Not applicable	121.79179688	17
Jordan	2005	Not applicable	113.35078125	17
Jordan	2004	Not applicable	107.82392578	17
Jordan	2003	Not applicable	103.10097656	17
Jordan	2002	Not applicable	100.48828125	2,17
Jordan	2001	Not applicable	100.29296875	17
Jordan	2000	Not applicable	100	17
Jordan	1999	Not applicable	100.68359375	17
Jordan	1998	Not applicable	101.5625	17
Jordan	1997	Not applicable	97.65625	2,17
Jordan	1996	Not applicable	91.606061358	17
Jordan	1995	Not applicable	85.633439237	17
Jordan	1994	Not applicable	83.694276211	17
Jordan	1993	Not applicable	79.040284948	17
Jordan	1992	Not applicable	77.566521048	2,17
Jordan	1991	Not applicable	75.279877942	17
Jordan	1990	Not applicable	67.792242674	17
Jordan	1989	Not applicable	56.269354865	17
Jordan	1988	Not applicable	46.584748768	17
Jordan	1987	Not applicable	44.163597244	17
Jordan	1986	Not applicable	44.836139334	2,17
Jordan	1985	Not applicable	44.142985024	17
Jordan	1984	Not applicable	43.194458073	17
Jordan	1983	Not applicable	42.35537654	17
Jordan	1982	Not applicable	41.297404171	17
Jordan	1981	Not applicable	39.436832075	17
Jordan	1980	Not applicable	36.481805805	2,17
Jordan	1979	Not applicable	32.906955487	17
Jordan	1978	Not applicable	31.096614621	17
Jordan	1977	Not applicable	30.019576385	17
Jordan	1977	Amman	100	119
Jordan	1976	Amman	69.474969475	119
Jordan	1976	Not applicable	26.26140041	17
Jordan	1975	Not applicable	22.915707164	17
Jordan	1975	Amman	57.000407	119
Jordan	1974	Amman	49.308099308	119
Jordan	1973	Amman	36.568986569	119
Jordan	1972	Amman	30.769230769	119
Jordan	1971	Amman	27.696377696	119
Jordan	1970	Amman	26.068376068	119
Jordan	1969	Amman	24.175824176	119
Kazakhstan	2008	Not applicable	223.07471871	26
Kazakhstan	2007	Not applicable	180.73662936	26
Kazakhstan	2006	Not applicable	161.02832494	26
Kazakhstan	2005	Not applicable	148.19311635	26
Kazakhstan	2004	Not applicable	137.12859341	26
Kazakhstan	2003	Not applicable	127.32496757	26
Kazakhstan	2002	Not applicable	119.04014962	26
Kazakhstan	2001	Not applicable	111.45063497	26
Kazakhstan	2000	Not applicable	100	26
Kazakhstan	1999	Not applicable	86.214141353	26
Kazakhstan	1998	Not applicable	80.251425296	26
Kazakhstan	1997	Not applicable	76.839763506	26
Kazakhstan	1996	Not applicable	72.217881814	26
Kazakhstan	1995	Not applicable	53.574100329	26
Kazakhstan	1994	Not applicable	20.308587976	26
Kazakhstan	1993	Not applicable	1.0428041386	26
Kazakhstan	1992	Not applicable	0.1508250128	26
Kazakhstan	1991	Not applicable	0.0071491056	5,26
Kenya	2008	Nairobi	315.91476741	50
Kenya	2007	Nairobi	233.78863565	50
Kenya	2006	Nairobi	210.81798314	50
Kenya	2005	Nairobi	164.84545738	50
Kenya	2004	Nairobi	143.7948798	50
Kenya	2003	Nairobi	120.8632532	50
Kenya	2002	Nairobi	103.87917577	50
Kenya	2001	Nairobi	102.39619107	50
Kenya	2000	Nairobi	100	2,50
Kenya	1999	Nairobi	96.83541224	50
Kenya	1998	Nairobi	95.2117565	50
Kenya	1997	Nairobi	91.914161976	50
Kenya	1996	Nairobi	79.452077014	50
Kenya	1995	Nairobi	73.452174336	50
Kenya	1994	Nairobi	75.106648716	50
Kenya	1993	Nairobi	57.455677929	50
Kenya	1992	Nairobi	39.556535985	50
Kenya	1991	Nairobi	29.280952458	50
Kenya	1990	Nairobi	23.706022611	2,50
Kenya	1989	Nairobi	21.829081558	50
Kenya	1988	Nairobi	19.998421244	50
Kenya	1987	Nairobi	18.589429878	50
Kenya	1986	Nairobi	17.915788021	50
Kenya	1985	Nairobi	17.360419162	50
Kenya	1984	Nairobi	14.563005647	50
Kenya	1983	Nairobi	13.128302761	50
Kenya	1982	Nairobi	11.981568912	50
Kenya	1981	Nairobi	9.9503587316	50
Kenya	1980	Nairobi	8.8910440552	50
Kenya	1979	Nairobi	7.2917874322	50
Kenya	1978	Nairobi	7.2506489982	50
Kenya	1977	Nairobi	6.4638764473	50
Kenya	1976	Nairobi	5.749096156	50
Kiribati	2008	Tarawa	133.40649693	120
Kiribati	2007	Tarawa	114.381036	120
Kiribati	2006	Tarawa	108.25285338	120
Kiribati	2005	Tarawa	112.73046532	120
Kiribati	2004	Tarawa	112.76558385	120
Kiribati	2003	Tarawa	112.77436348	120
Kiribati	2002	Tarawa	109.65759438	120
Kiribati	2001	Tarawa	106.05794557	120
Kiribati	2000	Tarawa	100	2,120
Kiribati	1997	Tarawa	87.491944626	6,120
Kiribati	1996	Tarawa	88.294369166	120
Kiribati	1995	Tarawa	89.705529563	120
Kiribati	1994	Tarawa	85.250689878	120
Kiribati	1993	Tarawa	82.760406824	120
Kiribati	1992	Tarawa	78.111878456	120
Kiribati	1991	Tarawa	76.174991637	120
Kiribati	1990	Tarawa	73.131312349	120
Kiribati	1989	Tarawa	71.000736847	120
Kiribati	1988	Tarawa	68.45511417	120
Kiribati	1987	Tarawa	66.269199045	120
Kiribati	1986	Tarawa	62.506104652	120
Kiribati	1985	Tarawa	58.272623461	120
Kiribati	1984	Tarawa	55.893019654	120
Kiribati	1983	Tarawa	53.430406411	120
Kiribati	1981	Tarawa	49.777991266	120
Kiribati	1980	Tarawa	46.595962919	120
Kiribati	1979	Tarawa	40.287245849	120
Kiribati	1978	Tarawa	36.57949108	120
Kiribati	1977	Tarawa	32.346009889	120
Kiribati	1976	Tarawa	29.855726835	14,120
Kiribati	1975	Tarawa	100	120
Kiribati	1974	Tarawa	85.939257593	120
Kiribati	1973	Tarawa	73.509561305	120
Kiribati	1972	Tarawa	62.935883015	120
Kiribati	1971	Tarawa	59.280089989	120
Kiribati	1970	Tarawa	56.242969629	120,121
Korea, Republic of	2008	Not applicable	139.10315746	
Korea, Republic of	2007	Not applicable	132.41797799	
Korea, Republic of	2006	Not applicable	129.2039494	
Korea, Republic of	2005	Not applicable	128.56114368	122
Korea, Republic of	2004	Not applicable	119.5	
Korea, Republic of	2003	Not applicable	112.4	
Korea, Republic of	2002	Not applicable	107.7	
Korea, Republic of	2001	Not applicable	103.5	
Korea, Republic of	2000	Not applicable	100	2
Korea, Republic of	1999	Not applicable	99.177631579	
Korea, Republic of	1998	Not applicable	96.463815789	
Korea, Republic of	1997	Not applicable	88.733552632	
Korea, Republic of	1996	Not applicable	85.444078947	
Korea, Republic of	1995	Not applicable	82.236842105	2
Korea, Republic of	1994	Not applicable	79.534774436	
Korea, Republic of	1993	Not applicable	72.720864662	
Korea, Republic of	1992	Not applicable	70.077537594	
Korea, Republic of	1991	Not applicable	66.02443609	
Korea, Republic of	1990	Not applicable	58.740601504	2
Korea, Republic of	1989	Not applicable	53.377142637	
Korea, Republic of	1988	Not applicable	49.944528963	
Korea, Republic of	1987	Not applicable	45.267592832	
Korea, Republic of	1986	Not applicable	43.937455033	
Korea, Republic of	1985	Not applicable	42.90767093	2
Korea, Republic of	1984	Not applicable	41.368658343	
Korea, Republic of	1983	Not applicable	40.753053308	
Korea, Republic of	1982	Not applicable	40.229789029	
Korea, Republic of	1981	Not applicable	39.244820973	
Korea, Republic of	1980	Not applicable	30.780251743	
Korea, Republic of	1979	Not applicable	24.316398877	
Korea, Republic of	1978	Not applicable	21.36149471	
Korea, Republic of	1977	Not applicable	18.314249787	
Korea, Republic of	1976	Not applicable	16.405874179	
Korea, Republic of	1975	Not applicable	13.912673788	
Korea, Republic of	1974	Not applicable	10.557626348	
Korea, Republic of	1973	Not applicable	8.279887719	
Korea, Republic of	1972	Not applicable	8.0644259568	
Korea, Republic of	1971	Not applicable	7.1102381527	
Korea, Republic of	1970	Not applicable	6.00214909	
Kosovo (Serbia)	2008	Not applicable	116.84684685	44
Kosovo (Serbia)	2007	Not applicable	100.71071071	44
Kosovo (Serbia)	2006	Not applicable	99.6996997	44
Kosovo (Serbia)	2005	Not applicable	96.496496496	44
Kosovo (Serbia)	2004	Not applicable	98.898898899	44
Kosovo (Serbia)	2003	Not applicable	100	44
Kosovo (Serbia)	2002	Not applicable	97.597597598	44,113
Kuwait	2008	Not applicable	145	
Kuwait	2007	Not applicable	129.87	
Kuwait	2006	Not applicable	124	
Kuwait	2005	Not applicable	119.4	
Kuwait	2004	Not applicable	110	
Kuwait	2003	Not applicable	106.6	
Kuwait	2002	Not applicable	101.1	
Kuwait	2001	Not applicable	100.4	
Kuwait	2000	Not applicable	99.8	2
Kuwait	1999	Not applicable	99.04962406	
Kuwait	1998	Not applicable	94.720532099	
Kuwait	1997	Not applicable	94.489647195	
Kuwait	1996	Not applicable	93.854713707	
Kuwait	1995	Not applicable	88.717524581	
Kuwait	1994	Not applicable	86.92816657	
Kuwait	1993	Not applicable	85.485135917	
Kuwait	1992	Not applicable	89.467900521	
Kuwait	1991	Not applicable	91.71902834	20
Kuwait	1990	Not applicable	83.234008097	123
Kuwait	1989	Not applicable	74.114054367	
Kuwait	1988	Not applicable	71.343435512	
Kuwait	1987	Not applicable	71.112550607	
Kuwait	1986	Not applicable	72.497860035	
Kuwait	1985	Not applicable	72.26697513	
Kuwait	1984	Not applicable	72.382417582	
Kuwait	1983	Not applicable	72.497860035	
Kuwait	1982	Not applicable	70.650780798	
Kuwait	1981	Not applicable	66.033082707	
Kuwait	1980	Not applicable	64.474609601	
Kuwait	1979	Not applicable	60.607287449	
Kuwait	1978	Not applicable	57.721226142	2
Kuwait	1977	Not applicable	55.842818893	
Kuwait	1976	Not applicable	52.117841806	
Kuwait	1975	Not applicable	48.934100706	
Kuwait	1974	Not applicable	43.267041548	
Kuwait	1973	Not applicable	36.708534883	
Kuwait	1972	Not applicable	31.837411	
Kyrgyzstan	2006	Not applicable	128.71895746	
Kyrgyzstan	2005	Not applicable	118.34583231	
Kyrgyzstan	2004	Not applicable	112.35554463	
Kyrgyzstan	2003	Not applicable	108.88246865	
Kyrgyzstan	2002	Not applicable	105.88578805	
Kyrgyzstan	2001	Not applicable	105.70752397	
Kyrgyzstan	2000	Not applicable	100	
Kyrgyzstan	1999	Not applicable	84.404966806	
Kyrgyzstan	1998	Not applicable	59.869068109	
Kyrgyzstan	1997	Not applicable	54.201499877	
Kyrgyzstan	1996	Not applicable	43.398082124	
Kyrgyzstan	1995	Not applicable	30.735185641	2
Kyrgyzstan	1994	Not applicable	21.960057854	
Kyrgyzstan	1993	Not applicable	8.4047769447	
Kyrgyzstan	1992	Not applicable	0.7884458684	
Lao People's Dem. Rep.	2005	Not applicable	160.21798365	
Lao People's Dem. Rep.	2004	Not applicable	148.77384196	
Lao People's Dem. Rep.	2003	Not applicable	134.78655767	
Lao People's Dem. Rep.	2002	Not applicable	116.98455949	
Lao People's Dem. Rep.	2001	Not applicable	106.63033606	
Lao People's Dem. Rep.	2000	Not applicable	100	2
Lao People's Dem. Rep.	1999	Not applicable	84.695613004	
Lao People's Dem. Rep.	1998	Not applicable	38.695898941	
Lao People's Dem. Rep.	1997	Not applicable	20.064009776	
Lao People's Dem. Rep.	1996	Not applicable	16.011108444	
Latvia	2008	Not applicable	189.38	
Latvia	2007	Not applicable	160.1	
Latvia	2006	Not applicable	141.1	
Latvia	2005	Not applicable	130.5	124
Latvia	2004	Not applicable	119.5	
Latvia	2003	Not applicable	111.2	
Latvia	2002	Not applicable	108.4	
Latvia	2001	Not applicable	104.8	
Latvia	2000	Not applicable	100	2
Latvia	1999	Not applicable	99.39810834	
Latvia	1998	Not applicable	100.42992261	
Latvia	1997	Not applicable	99.140154772	
Latvia	1996	Not applicable	96.646603611	
Latvia	1995	Not applicable	85.984522786	2
Latvia	1994	Not applicable	74.04091921	
Latvia	1993	Not applicable	55.571914864	2
Latvia	1992	Not applicable	42.698665994	
Latvia	1991	Not applicable	5.0351495696	
Lebanon	1997	Beyrouth	377.08624207	1
Lebanon	1996	Beyrouth	379.30872807	1
Lebanon	1995	Beyrouth	349.62290886	1
Lebanon	1994	Beyrouth	323.88753292	1
Lebanon	1993	Beyrouth	301.30138358	1
Lebanon	1992	Beyrouth	257.57023628	1
Lebanon	1991	Beyrouth	142.77042917	1
Lebanon	1990	Beyrouth	100	1
Lebanon	1989	Beyrouth	63.663785749	1
Lebanon	1988	Beyrouth	43.705330316	1
Lebanon	1987	Beyrouth	18.668199859	1
Lebanon	1986	Beyrouth	3.2274194147	1
Lebanon	1975	Beyrouth	0.244371082	1,97
Lebanon	1974	Beyrouth	0.2350235543	1
Lebanon	1973	Beyrouth	0.2014911532	1
Lebanon	1972	Beyrouth	0.1836863385	1
Lebanon	1971	Beyrouth	0.1689973664	1
Lebanon	1970	Beyrouth	0.1646945361	1
Lebanon	1969	Beyrouth	0.16528803	1
Lesotho	2008	Not applicable	220.04385609	3
Lesotho	2007	Not applicable	189.88061399	3
Lesotho	2006	Not applicable	165.92219605	3
Lesotho	2005	Not applicable	151.95322017	3
Lesotho	2004	Not applicable	148.1279948	3
Lesotho	2003	Not applicable	142.369853	3
Lesotho	2002	Not applicable	134.84934622	3
Lesotho	2001	Not applicable	106.48095509	3
Lesotho	2000	Not applicable	100	3
Lesotho	1999	Not applicable	95.557540811	3
Lesotho	1998	Not applicable	88.873548282	3
Lesotho	1997	Not applicable	81.499228458	3
Lesotho	1996	Not applicable	74.539105011	3
Lesotho	1995	Not applicable	68.017542435	3,125
Lesotho	1994	Not applicable	171.39084507	3
Lesotho	1993	Not applicable	161.3556338	3
Lesotho	1992	Not applicable	146.21478873	3
Lesotho	1991	Not applicable	118.30985915	3
Lesotho	1990	Not applicable	100	3
Lesotho	1989	Not applicable	89.788732394	3
Lesotho	1988	Not applicable	80.721830986	2,3
Lesotho	1987	Not applicable	71.987628736	3
Lesotho	1986	Not applicable	62.558028218	3
Lesotho	1985	Not applicable	53.184059561	3
Lesotho	1984	Not applicable	47.537425622	3
Lesotho	1983	Not applicable	43.28158822	3
Lesotho	1982	Not applicable	36.814384325	3
Lesotho	1981	Not applicable	33.253945191	3
Lesotho	1980	Not applicable	28.469605105	3
Lesotho	1979	Not applicable	22.975958785	3
Lesotho	1978	Not applicable	21.049705582	3
Lesotho	1977	Not applicable	18.233342595	3
Lesotho	1976	Not applicable	14.547731773	3
Lesotho	1975	Not applicable	13.129119306	3
Lesotho	1974	Not applicable	11.11941831	3
Lesotho	1973	Not applicable	9.6521279642	3
Liberia	1990	Monrovia	124.72819216	126,127
Liberia	1989	Monrovia	109.63337547	27,127
Liberia	1988	Monrovia	100	127
Liberia	1987	Monrovia	83.86852086	127
Liberia	1986	Monrovia	83.691529709	127
Liberia	1985	Monrovia	84.804045512	127
Liberia	1984	Monrovia	88.04045512	127
Liberia	1983	Monrovia	86.548672566	127
Liberia	1982	Monrovia	84.247787611	127
Liberia	1981	Monrovia	80.809102402	127
Liberia	1980	Monrovia	77.623261694	127
Liberia	1979	Monrovia	71.024020228	127
Liberia	1978	Monrovia	63.640960809	127
Liberia	1977	Monrovia	57.168141593	127
Liberia	1976	Monrovia	52.03539823	127
Liberia	1975	Monrovia	52.338811631	127
Liberia	1974	Monrovia	45.360303413	127
Liberia	1973	Monrovia	35.87863464	127
Liberia	1972	Monrovia	27.560050569	127
Liberia	1971	Monrovia	27.560050569	127
Liberia	1970	Monrovia	30.366624526	127
Liberia	1969	Monrovia	30.012642225	127
Libyan Arab Jamahiriya	1984	Tripoli	100	128
Libyan Arab Jamahiriya	1983	Tripoli	90.17783292	128
Libyan Arab Jamahiriya	1982	Tripoli	79.59057072	128
Libyan Arab Jamahiriya	1979	Tripoli	58.995037221	128
Libyan Arab Jamahiriya	1978	Tripoli	46.112489661	128
Libyan Arab Jamahiriya	1977	Tripoli	41.273779983	128
Libyan Arab Jamahiriya	1976	Tripoli	36.786600496	128
Libyan Arab Jamahiriya	1975	Tripoli	32.630272953	128
Libyan Arab Jamahiriya	1974	Tripoli	30.438378825	128
Libyan Arab Jamahiriya	1973	Tripoli	28.453267163	128
Libyan Arab Jamahiriya	1972	Tripoli	31.162117452	128
Libyan Arab Jamahiriya	1971	Tripoli	34.1191067	128
Lithuania	2008	Not applicable	144.09252	129
Lithuania	2007	Not applicable	124.29612	129
Lithuania	2006	Not applicable	111.71277	129
Lithuania	2005	Not applicable	105.3	2,129
Lithuania	2004	Not applicable	101.2	129
Lithuania	2003	Not applicable	99	129
Lithuania	2002	Not applicable	102.8	129
Lithuania	2001	Not applicable	103.5	129
Lithuania	2000	Not applicable	100	2,129
Lithuania	1999	Not applicable	102.47627689	129
Lithuania	1998	Not applicable	106.65759329	129
Lithuania	1997	Not applicable	106.81637745	129
Lithuania	1996	Not applicable	100.71074818	129
Lithuania	1995	Not applicable	78.840119466	129
Lithuania	1994	Not applicable	56.220936827	129
Lithuania	1993	Not applicable	35.227401611	129
Lithuania	1992	Not applicable	6.7558882462	129
Lithuania	1991	Not applicable	0.5693924615	14,129
Lithuania	1989	Not applicable	100	129
Lithuania	1988	Not applicable	99.919484702	129
Lithuania	1987	Not applicable	100.72463768	129
Lithuania	1986	Not applicable	95.088566828	129
Lithuania	1985	Not applicable	88.325281804	129
Lithuania	1984	Not applicable	86.312399356	129
Lithuania	1983	Not applicable	86.392914654	129
Lithuania	1982	Not applicable	85.668276973	129
Lithuania	1981	Not applicable	81.884057971	129
Lithuania	1980	Not applicable	80.515297907	129
Luxembourg	2008	Not applicable	128.05590294	
Luxembourg	2007	Not applicable	121.5210322	
Luxembourg	2006	Not applicable	117.57024918	
Luxembourg	2005	Not applicable	114.84834344	2
Luxembourg	2004	Not applicable	113.00046664	
Luxembourg	2003	Not applicable	110.9659356	
Luxembourg	2002	Not applicable	108.86607559	
Luxembourg	2001	Not applicable	104.7690154	
Luxembourg	2000	Not applicable	100	
Luxembourg	1999	Not applicable	98.002799813	
Luxembourg	1998	Not applicable	96.826878208	
Luxembourg	1997	Not applicable	94.307046197	
Luxembourg	1996	Not applicable	93.327111526	2
Luxembourg	1995	Not applicable	92.854111974	
Luxembourg	1994	Not applicable	90.64391407	
Luxembourg	1993	Not applicable	89.06151557	
Luxembourg	1992	Not applicable	89.319515325	
Luxembourg	1991	Not applicable	88.665915945	
Luxembourg	1990	Not applicable	85.999918472	2
Luxembourg	1989	Not applicable	82.818366303	
Luxembourg	1988	Not applicable	80.209795093	
Luxembourg	1987	Not applicable	79.335245207	
Luxembourg	1986	Not applicable	80.413354118	
Luxembourg	1985	Not applicable	78.166665619	
Luxembourg	1984	Not applicable	75.3922315	2
Luxembourg	1983	Not applicable	70.628081408	
Luxembourg	1982	Not applicable	65.427830296	
Luxembourg	1981	Not applicable	59.152539462	
Luxembourg	1980	Not applicable	54.593762524	
Luxembourg	1979	Not applicable	52.694694712	
Luxembourg	1978	Not applicable	51.340753175	
Luxembourg	1977	Not applicable	50.559828093	
Luxembourg	1976	Not applicable	48.599908976	
Luxembourg	1975	Not applicable	43.34134203	
Luxembourg	1974	Not applicable	38.952441652	
Luxembourg	1973	Not applicable	35.734928897	
Luxembourg	1972	Not applicable	33.356657058	
Luxembourg	1971	Not applicable	31.262357975	
Luxembourg	1970	Not applicable	30.197460137	
Luxembourg	1969	Not applicable	28.729422402	
Macau, China	2008	Not applicable	133.18855849	
Macau, China	2007	Not applicable	113.62967365	
Macau, China	2006	Not applicable	105.02611609	
Macau, China	2005	Not applicable	101.26328454	2
Macau, China	2004	Not applicable	97.38319631	
Macau, China	2003	Not applicable	95.247643874	
Macau, China	2002	Not applicable	96.460798075	
Macau, China	2001	Not applicable	98.55624624	
Macau, China	2000	Not applicable	100	2
Macau, China	1999	Not applicable	101.51583486	
Macau, China	1998	Not applicable	106.1880266	
Macau, China	1997	Not applicable	105.54674538	2
Macau, China	1996	Not applicable	101.89435783	
Macau, China	1995	Not applicable	97.51291256	
Macau, China	1994	Not applicable	90.234744144	2
Macau, China	1993	Not applicable	84.211137215	
Macau, China	1992	Not applicable	78.625061779	
Macau, China	1991	Not applicable	72.618980671	
Macau, China	1990	Not applicable	66.906903533	
Macau, China	1989	Not applicable	61.530830933	
Macau, China	1988	Not applicable	55.818753795	
Macau, China	1987	Not applicable	51.156690837	
Macau, China	1986	Not applicable	49.140663612	
Macau, China	1985	Not applicable	48.510655104	
Macau, China	1984	Not applicable	48.384653403	
Macedonia, The former Yugoslav Rep. of	2008	Not applicable	125.75831306	
Macedonia, The former Yugoslav Rep. of	2007	Not applicable	109.08353609	
Macedonia, The former Yugoslav Rep. of	2006	Not applicable	104.98783455	
Macedonia, The former Yugoslav Rep. of	2005	Not applicable	102.71695053	
Macedonia, The former Yugoslav Rep. of	2004	Not applicable	103.97404704	
Macedonia, The former Yugoslav Rep. of	2003	Not applicable	107.29927007	
Macedonia, The former Yugoslav Rep. of	2002	Not applicable	108.79967559	
Macedonia, The former Yugoslav Rep. of	2001	Not applicable	106.89375507	
Macedonia, The former Yugoslav Rep. of	2000	Not applicable	100	
Macedonia, The former Yugoslav Rep. of	1999	Not applicable	100.405515	
Macedonia, The former Yugoslav Rep. of	1998	Not applicable	102.02757502	
Macedonia, The former Yugoslav Rep. of	1997	Not applicable	102.23033252	
Macedonia, The former Yugoslav Rep. of	1996	Not applicable	98.094079481	
Macedonia, The former Yugoslav Rep. of	1995	Not applicable	98.215733982	
Macedonia, The former Yugoslav Rep. of	1994	Not applicable	90.429845904	
Macedonia, The former Yugoslav Rep. of	1993	Not applicable	40.551500406	2
Macedonia, The former Yugoslav Rep. of	1992	Not applicable	9.0963438027	
Macedonia, The former Yugoslav Rep. of	1991	Not applicable	0.5372914271	
Macedonia, The former Yugoslav Rep. of	1990	Not applicable	0.2627342127	
Macedonia, The former Yugoslav Rep. of	1989	Not applicable	0.0410457857	
Macedonia, The former Yugoslav Rep. of	1988	Not applicable	0.0030136282	
Macedonia, The former Yugoslav Rep. of	1987	Not applicable	0.0010208896	
Macedonia, The former Yugoslav Rep. of	1986	Not applicable	0.0004960314	
Macedonia, The former Yugoslav Rep. of	1985	Not applicable	0.0002554589	
Macedonia, The former Yugoslav Rep. of	1984	Not applicable	0.0001499097	
Macedonia, The former Yugoslav Rep. of	1983	Not applicable	0.0001070926	
Macedonia, The former Yugoslav Rep. of	1982	Not applicable	7.29883E-05	
Macedonia, The former Yugoslav Rep. of	1981	Not applicable	4.97873E-05	
Madagascar	2008	Cinq régions	223.19	10
Madagascar	2007	Cinq régions	202.1	10
Madagascar	2006	Cinq régions	180.8	10
Madagascar	2005	Cinq régions	170.2	10
Madagascar	2004	Cinq régions	134.7	10
Madagascar	2003	Cinq régions	112.9	10
Madagascar	2002	Cinq régions	117.2	10
Madagascar	2001	Cinq régions	101.9	10
Madagascar	2000	Antananarivo, Europ.	100	
Madagascar	2000	Cinq régions	100	10
Madagascar	2000	Antananarivo, Madagasc.	100	
Madagascar	1999	Antananarivo, Madagasc.	87.53281543	
Madagascar	1999	Antananarivo, Europ.	89.831743508	
Madagascar	1998	Antananarivo, Europ.	82.662625861	
Madagascar	1998	Antananarivo, Madagasc.	78.001607286	
Madagascar	1997	Antananarivo, Madagasc.	73.588713278	
Madagascar	1997	Antananarivo, Europ.	70.72900106	
Madagascar	1996	Antananarivo, Europ.	64.169316375	
Madagascar	1996	Antananarivo, Madagasc.	70.695597821	
Madagascar	1995	Antananarivo, Madagasc.	59.392802929	
Madagascar	1995	Antananarivo, Europ.	51.44409115	
Madagascar	1994	Antananarivo, Europ.	35.708134605	
Madagascar	1994	Antananarivo, Madagasc.	39.430306277	
Madagascar	1993	Antananarivo, Madagasc.	28.186445218	
Madagascar	1993	Antananarivo, Europ.	27.648052464	
Madagascar	1992	Antananarivo, Europ.	24.201775305	
Madagascar	1992	Antananarivo, Madagasc.	26.023752121	
Madagascar	1991	Antananarivo, Madagasc.	22.312706492	
Madagascar	1991	Antananarivo, Europ.	21.831942236	
Madagascar	1990	Antananarivo, Europ.	20.238804981	
Madagascar	1990	Antananarivo, Madagasc.	20.433967319	
Madagascar	1989	Antananarivo, Madagasc.	17.919457094	
Madagascar	1989	Antananarivo, Europ.	17.781200318	
Madagascar	1988	Antananarivo, Europ.	16.088698993	
Madagascar	1988	Antananarivo, Madagasc.	16.421109028	
Madagascar	1987	Antananarivo, Madagasc.	13.695865702	
Madagascar	1987	Antananarivo, Europ.	13.223701643	
Madagascar	1986	Antananarivo, Europ.	10.920111288	
Madagascar	1986	Antananarivo, Madagasc.	12.667202429	
Madagascar	1985	Antananarivo, Madagasc.	10.720600054	
Madagascar	1985	Antananarivo, Europ.	9.6979332273	
Madagascar	1984	Antananarivo, Europ.	9.2673555909	
Madagascar	1984	Antananarivo, Madagasc.	9.5222787749	
Madagascar	1983	Antananarivo, Madagasc.	8.5846950621	
Madagascar	1983	Antananarivo, Europ.	8.6248012719	
Madagascar	1982	Antananarivo, Europ.	6.6905140435	
Madagascar	1982	Antananarivo, Madagasc.	7.3881596571	
Madagascar	1981	Antananarivo, Madagasc.	5.6308598982	
Madagascar	1981	Antananarivo, Europ.	4.8042527822	
Madagascar	1980	Antananarivo, Europ.	3.7923953365	
Madagascar	1980	Antananarivo, Madagasc.	4.2646664881	
Madagascar	1979	Antananarivo, Madagasc.	3.5913920886	
Madagascar	1979	Antananarivo, Europ.	3.2922628511	
Madagascar	1978	Antananarivo, Europ.	2.9627053524	
Madagascar	1978	Antananarivo, Madagasc.	3.1395660327	
Madagascar	1977	Antananarivo, Madagasc.	2.9163318153	
Madagascar	1977	Antananarivo, Europ.	2.7606650768	
Madagascar	1976	Antananarivo, Europ.	2.5238473768	
Madagascar	1976	Antananarivo, Madagasc.	2.8752567193	
Madagascar	1975	Antananarivo, Madagasc.	2.7698901688	
Madagascar	1975	Antananarivo, Europ.	2.3168388977	
Madagascar	1974	Antananarivo, Europ.	2.036963434	
Madagascar	1974	Antananarivo, Madagasc.	2.5948745424	
Madagascar	1973	Antananarivo, Madagasc.	1.9948209662	2
Madagascar	1973	Antananarivo, Europ.	1.7620561738	2
Madagascar	1972	Antananarivo, Europ.	1.6809792519	
Madagascar	1972	Antananarivo, Madagasc.	1.8243387116	
Madagascar	1971	Antananarivo, Madagasc.	1.7171862872	
Madagascar	1971	Antananarivo, Europ.	1.5748349434	
Madagascar	1970	Antananarivo, Europ.	1.4697737402	
Madagascar	1970	Antananarivo, Madagasc.	1.6306400984	
Madagascar	1969	Antananarivo, Madagasc.	1.5825588823	
Madagascar	1969	Antananarivo, Europ.	1.3928732718	
Malawi	2008	Not applicable	240.28	
Malawi	2007	Not applicable	224.65	
Malawi	2006	Not applicable	209.1	
Malawi	2005	Not applicable	181	
Malawi	2004	Not applicable	154.4	
Malawi	2003	Not applicable	143.6	
Malawi	2002	Not applicable	136.4	
Malawi	2001	Not applicable	117.6	
Malawi	2000	Not applicable	100	2
Malawi	1999	Not applicable	83.532915555	
Malawi	1998	Not applicable	58.397964882	
Malawi	1997	Not applicable	45.715703915	
Malawi	1996	Not applicable	42.234907241	
Malawi	1995	Not applicable	29.074889868	
Malawi	1994	Not applicable	15.071042998	
Malawi	1993	Not applicable	10.895327915	
Malawi	1992	Not applicable	8.618229199	
Malawi	1991	Not applicable	6.7258174598	
Malawi	1990	Not applicable	6.204628653	
Malawi	1990	Blantyre	100	1,50
Malawi	1990	Blantyre	100	1,49
Malawi	1989	Blantyre	91.263650546	1,49
Malawi	1989	Blantyre	88.686390533	1,50
Malawi	1988	Blantyre	76.615384615	1,50
Malawi	1988	Blantyre	79.117450412	1,49
Malawi	1987	Blantyre	62.157343437	1,49
Malawi	1987	Blantyre	58.035502959	1,50
Malawi	1986	Blantyre	45.75147929	1,50
Malawi	1986	Blantyre	48.963672833	1,49
Malawi	1985	Blantyre	40.673055494	1,49
Malawi	1985	Blantyre	39.550295858	1,50
Malawi	1984	Blantyre	36.236686391	1,50
Malawi	1984	Blantyre	33.585914865	1,49
Malawi	1983	Blantyre	31.602406953	1,49
Malawi	1983	Blantyre	31.313609467	1,50
Malawi	1982	Blantyre	28.616001783	1,49
Malawi	1982	Blantyre	27.124260355	1,50
Malawi	1981	Blantyre	25.98816568	1,50
Malawi	1981	Blantyre	25.807889458	1,49
Malawi	1980	Blantyre	22.28660575	1,2,49
Malawi	1980	Blantyre	23.668639053	1,2,50
Malawi	1979	Blantyre	18.977004413	1,50
Malawi	1979	Blantyre	18.764323456	1,49
Malawi	1978	Blantyre	17.929143119	1,49
Malawi	1978	Blantyre	16.66188003	1,50
Malawi	1977	Blantyre	15.670936639	1,50
Malawi	1977	Blantyre	16.059065406	1,49
Malawi	1976	Blantyre	14.361470589	1,49
Malawi	1976	Blantyre	15.407854323	1,50
Malawi	1975	Blantyre	15.065847311	1,50
Malawi	1975	Blantyre	13.907568232	1,49
Malawi	1974	Blantyre	12.219051462	1,49
Malawi	1974	Blantyre	12.645490002	1,50
Malawi	1973	Blantyre	10.856530251	1,50
Malawi	1973	Blantyre	10.830110248	1,49
Malawi	1972	Blantyre	10.457910315	1,49
Malawi	1972	Blantyre	10.163746818	1,50
Malawi	1971	Blantyre	9.7515845229	1,50
Malawi	1971	Blantyre	10.040320146	1,49
Malawi	1970	Blantyre	9.0780471487	1,49
Malawi	1970	Blantyre	8.7694105421	1,50
Malawi	1969	Blantyre	7.5504624768	1,50
Malaysia	2008	Not applicable	126.13397	
Malaysia	2007	Not applicable	115.90395	
Malaysia	2006	Not applicable	112.53022	
Malaysia	2005	Not applicable	108.83	2
Malaysia	2004	Not applicable	105	
Malaysia	2003	Not applicable	102.7	
Malaysia	2002	Not applicable	101.4	
Malaysia	2001	Not applicable	100.7	
Malaysia	2000	Not applicable	100	2
Malaysia	1999	Not applicable	98.135719612	
Malaysia	1998	Not applicable	93.810589113	
Malaysia	1997	Not applicable	86.129753915	
Malaysia	1996	Not applicable	82.699478001	
Malaysia	1995	Not applicable	78.225205071	
Malaysia	1994	Not applicable	74.571215511	2
Malaysia	1993	Not applicable	70.789965182	
Malaysia	1992	Not applicable	69.240272424	
Malaysia	1991	Not applicable	64.963120412	
Malaysia	1990	Not applicable	61.987710317	2
Malaysia	1989	Not applicable	59.491865465	
Malaysia	1988	Not applicable	57.359052592	
Malaysia	1987	Not applicable	55.271618716	
Malaysia	1986	Not applicable	55.543892699	
Malaysia	1985	Not applicable	55.407755708	
Malaysia	1984	Not applicable	56.769125627	
Malaysia	1983	Not applicable	54.86320774	
Malaysia	1982	Not applicable	54.454796764	
Malaysia	1981	Not applicable	50.597581993	
Malaysia	1980	Not applicable	45.378997303	
Malaysia	1979	Not applicable	43.382321422	
Malaysia	1978	Not applicable	42.293225487	
Malaysia: Sabah	1996	Not applicable	78.564437984	130
Malaysia: Sabah	1995	Not applicable	75.835852713	130
Malaysia: Sabah	1994	Not applicable	72.260465116	130
Malaysia: Sabah	1993	Not applicable	69.249612403	130
Malaysia: Sabah	1992	Not applicable	68.496899225	14,130
Malaysia: Sabah	1987	Not applicable	100	130
Malaysia: Sabah	1986	Not applicable	101.71526587	130
Malaysia: Sabah	1985	Not applicable	101.20068611	130
Malaysia: Sabah	1984	Not applicable	102.05831904	130
Malaysia: Sabah	1983	Not applicable	101.88679245	130
Malaysia: Sabah	1982	Not applicable	100.34305317	130
Malaysia: Sabah	1981	Not applicable	95.969125214	130
Malaysia: Sabah	1980	Not applicable	85.76329331	2,130
Malaysia: Sabah	1979	Not applicable	79.275188456	130
Malaysia: Sabah	1978	Not applicable	76.052619819	130
Malaysia: Sabah	1977	Not applicable	74.677657201	130
Malaysia: Sabah	1976	Not applicable	72.228505038	130
Malaysia: Sabah	1975	Not applicable	71.669926474	130
Malaysia: Sabah	1974	Not applicable	66.900524892	130
Malaysia: Sabah	1973	Not applicable	54.053217928	130
Malaysia: Sabah	1972	Not applicable	48.166659219	130
Malaysia: Sabah	1971	Not applicable	46.877631764	130
Malaysia: Sabah	1970	Not applicable	45.373766401	130
Malaysia: Sabah	1969	Not applicable	45.201896073	130
Maldives	2008	Male	143.86985975	29
Maldives	2007	Male	120.8472474	29
Maldives	2006	Male	104.00725122	29,70
Maldives	2005	Male	117.63833992	29
Maldives	2004	Male	115.22562582	29
Maldives	2003	Male	99.300065876	29
Maldives	2002	Male	105.7312253	29
Maldives	2001	Male	102.0668643	29
Maldives	2000	Male	100	29
Maldives	1999	Male	105.03952569	29
Maldives	1998	Male	100.79874835	29
Maldives	1997	Male	105.81357049	29
Maldives	1996	Male	88.554018445	29
Maldives	1995	Male	81.019433465	29
Maldives	1994	Male	72.340250329	29
Maldives	1993	Male	69.631093544	29
Maldives	1992	Male	59.057971014	29
Maldives	1991	Male	51.581027668	29
Maldives	1990	Male	45.783926219	29
Maldives	1989	Male	42.951251647	29
Maldives	1988	Male	41.82312253	29
Maldives	1987	Male	41.024374177	29
Mali	2008	Bamako	132.60188088	131
Mali	2007	Bamako	117.3354232	131
Mali	2006	Bamako	114.62904911	131
Mali	2005	Bamako	115.06792059	131
Mali	2004	Bamako	103.34378265	131
Mali	2003	Bamako	111.07628004	131
Mali	2002	Bamako	115.830721	131
Mali	2001	Bamako	108.04597701	131
Mali	2000	Bamako	100	131
Mali	1999	Bamako	104.70219436	131
Mali	1998	Bamako	108.77742947	14,131
Mali	1997	Bamako	144.38305709	131
Mali	1996	Bamako	146.7771639	131
Mali	1995	Bamako	134.62246777	131
Mali	1994	Bamako	117.40331492	131
Mali	1993	Bamako	92.725598527	131
Mali	1992	Bamako	93.554327808	131
Mali	1991	Bamako	103.86740331	131
Mali	1990	Bamako	100	65,131
Mali	1988	Bamako	100	131
Mali	1987	Bamako	92.065157153	131
Mali	1986	Bamako	107.14808804	131
Mali	1985	Bamako	111.8033014	131
Mali	1984	Bamako	103.79126752	131
Mali	1983	Bamako	92.183912596	131
Mali	1982	Bamako	83.920513024	131
Mali	1981	Bamako	82.035270367	131
Mali	1980	Bamako	73.097933655	131
Mali	1979	Bamako	59.842846964	131
Mali	1978	Bamako	62.396088987	131
Mali	1977	Bamako	46.849022247	131
Mali	1976	Bamako	37.47723854	131
Mali	1975	Bamako	34.676589344	131
Mali	1974	Bamako	32.756709683	131
Mali	1973	Bamako	32.083762172	131
Mali	1972	Bamako	24.829783865	131
Mali	1971	Bamako	23.058348508	131
Mali	1970	Bamako	19.099833742	131
Mali	1969	Bamako	18.842530283	131
Malta	2008	Not applicable	128.06077243	
Malta	2007	Not applicable	118.53762037	
Malta	2006	Not applicable	113.60522547	
Malta	2005	Not applicable	111.37390396	
Malta	2004	Not applicable	109.46286784	
Malta	2003	Not applicable	109.21731571	2
Malta	2002	Not applicable	107.37033667	
Malta	2001	Not applicable	106.00545951	
Malta	2000	Not applicable	100	
Malta	1999	Not applicable	98.453139217	
Malta	1998	Not applicable	97.634212921	
Malta	1997	Not applicable	95.723384895	
Malta	1996	Not applicable	94.358507734	
Malta	1995	Not applicable	90.991810737	2
Malta	1994	Not applicable	88.087816777	
Malta	1993	Not applicable	85.02248982	
Malta	1992	Not applicable	80.827831878	
Malta	1991	Not applicable	80.66649888	2
Malta	1990	Not applicable	79.450038954	
Malta	1989	Not applicable	76.256831647	
Malta	1988	Not applicable	76.713004119	
Malta	1987	Not applicable	76.636975374	
Malta	1986	Not applicable	76.104774156	
Malta	1985	Not applicable	74.356113011	
Malta	1984	Not applicable	75.192429211	
Malta	1983	Not applicable	76.02874541	2
Malta	1982	Not applicable	77.616523969	
Malta	1981	Not applicable	72.181151786	
Malta	1980	Not applicable	63.895163214	
Malta	1979	Not applicable	52.765943269	
Malta	1978	Not applicable	50.192265001	
Malta	1977	Not applicable	46.651149564	
Malta	1976	Not applicable	39.214437895	
Malta	1975	Not applicable	39.602151264	
Malta	1974	Not applicable	36.925082764	2
Malta	1973	Not applicable	34.347793882	
Malta	1972	Not applicable	30.156688598	
Malta	1971	Not applicable	28.904174375	
Malta	1970	Not applicable	28.711479879	
Malta	1969	Not applicable	27.86844146	
Marshall Islands	2008	Majuro	129.38067219	
Marshall Islands	2007	Majuro	110.81081081	
Marshall Islands	2006	Majuro	109.36471527	
Marshall Islands	2005	Majuro	106.31295502	
Marshall Islands	2004	Majuro	106.01376284	
Marshall Islands	2003	Majuro	102.49326818	
Marshall Islands	2002	Majuro	102.66281041	
Marshall Islands	2001	Majuro	100.27924604	
Marshall Islands	2000	Majuro	100	
Marshall Islands	1999	Majuro	100.15956916	
Marshall Islands	1998	Majuro	99.252019547	
Marshall Islands	1997	Majuro	97.137728134	
Marshall Islands	1996	Majuro	92.2908148	
Marshall Islands	1995	Majuro	81.569761644	
Marshall Islands	1994	Majuro	79.186197267	
Marshall Islands	1993	Majuro	78.029320834	
Marshall Islands	1992	Majuro	76.064625511	
Martinique	2008	Not applicable	131.17717959	
Martinique	2007	Not applicable	124.54801125	
Martinique	2006	Not applicable	120.53033347	
Martinique	2005	Not applicable	118.27038971	
Martinique	2004	Not applicable	114.58417035	
Martinique	2003	Not applicable	112.4949779	
Martinique	2002	Not applicable	108.78867015	
Martinique	2001	Not applicable	103.7967055	
Martinique	2000	Not applicable	100	
Martinique	1999	Not applicable	100.23101647	132
Martinique	1998	Not applicable	100.30090271	
Martinique	1997	Not applicable	97.599194891	
Martinique	1996	Not applicable	95.995055875	
Martinique	1995	Not applicable	95.235200551	
Martinique	1994	Not applicable	93.715489904	
Martinique	1993	Not applicable	92.026922518	
Martinique	1992	Not applicable	89.831784917	
Martinique	1991	Not applicable	86.876791992	
Martinique	1990	Not applicable	84.428369283	2
Martinique	1989	Not applicable	81.286473861	
Martinique	1988	Not applicable	80.118333256	
Martinique	1987	Not applicable	79.312719045	
Martinique	1986	Not applicable	76.090262202	
Martinique	1985	Not applicable	73.794261701	
Martinique	1984	Not applicable	68.598050042	
Martinique	1983	Not applicable	63.200434831	
Martinique	1982	Not applicable	57.077766829	
Martinique	1981	Not applicable	51.277344512	
Martinique	1980	Not applicable	44.912992247	133
Martinique	1979	Not applicable	40.280710536	
Martinique	1978	Not applicable	36.947230682	
Martinique	1977	Not applicable	34.297183936	
Martinique	1976	Not applicable	31.172918299	
Martinique	1975	Not applicable	28.494976324	
Martinique	1974	Not applicable	25.496239217	
Martinique	1973	Not applicable	20.851683605	
Martinique	1972	Not applicable	19.317446015	
Martinique	1971	Not applicable	18.522431992	
Martinique	1970	Not applicable	17.183461004	
Martinique	1969	Not applicable	15.942123318	
Mauritania	2008	Not applicable	190.57203984	134
Mauritania	2007	Not applicable	173.86222058	134
Mauritania	2006	Not applicable	157.30815197	134
Mauritania	2005	Not applicable	149.25361859	134
Mauritania	2004	Not applicable	131.21991885	2,134
Mauritania	2003	Not applicable	117.92696422	13,134
Mauritania	2002	Not applicable	111.25046108	134
Mauritania	2001	Not applicable	106.5289561	134
Mauritania	2000	Not applicable	100	134
Mauritania	1999	Not applicable	96.274437477	134
Mauritania	1998	Not applicable	92.91774253	134
Mauritania	1997	Not applicable	85.429730727	134
Mauritania	1996	Not applicable	81.962375507	134
Mauritania	1995	Not applicable	76.244928071	134
Mauritania	1994	Not applicable	70.60125415	134
Mauritania	1993	Not applicable	68.24050166	134
Mauritania	1992	Not applicable	62.26484692	134
Mauritania	1991	Not applicable	57.912209517	134
Mauritania	1990	Not applicable	56.399852453	14,134
Mauritania	1984	Not applicable	100	134
Mauritania	1983	Not applicable	91.258477769	134
Mauritania	1982	Not applicable	84.476262246	134
Mauritius	2008	Not applicable	190.65072664	
Mauritius	2007	Not applicable	168.92576884	100
Mauritius	2006	Not applicable	142.43212479	
Mauritius	2005	Not applicable	129.49363406	
Mauritius	2004	Not applicable	122.31766442	
Mauritius	2003	Not applicable	115.3591484	
Mauritius	2002	Not applicable	112.20607083	2
Mauritius	2001	Not applicable	104.04721754	
Mauritius	2000	Not applicable	100	
Mauritius	1999	Not applicable	98.735244519	
Mauritius	1998	Not applicable	92.833052277	
Mauritius	1997	Not applicable	85.919055649	2
Mauritius	1996	Not applicable	81.741764086	
Mauritius	1995	Not applicable	77.602940588	
Mauritius	1994	Not applicable	73.176698792	
Mauritius	1993	Not applicable	66.968463545	
Mauritius	1992	Not applicable	58.863267528	135
Mauritius	1991	Not applicable	57.089542877	
Mauritius	1990	Not applicable	54.793716756	
Mauritius	1989	Not applicable	49.436789141	
Mauritius	1988	Not applicable	43.391113688	
Mauritius	1987	Not applicable	38.837725215	2
Mauritius	1986	Not applicable	37.87335732	
Mauritius	1985	Not applicable	37.055105773	
Mauritius	1984	Not applicable	34.571127862	
Mauritius	1983	Not applicable	31.707247448	
Mauritius	1982	Not applicable	29.573948772	2
Mauritius	1981	Not applicable	26.999768906	
Mauritius	1980	Not applicable	23.586942207	
Mauritius	1979	Not applicable	15.596501538	
Mauritius	1978	Not applicable	13.639658925	
Mauritius	1977	Not applicable	12.789364219	
Mauritius	1976	Not applicable	11.775999294	2
Mauritius	1975	Not applicable	11.078940404	
Mauritius	1974	Not applicable	9.5499348739	
Mauritius	1973	Not applicable	7.2081689288	
Mauritius	1972	Not applicable	6.232856431	
Mauritius	1971	Not applicable	5.8671142443	
Mauritius	1970	Not applicable	5.8620344917	
Mauritius	1969	Not applicable	5.7807584503	
Mexico	2008	Not applicable	154.05554206	26
Mexico	2007	Not applicable	142.64158622	26
Mexico	2006	Not applicable	134.14574732	26
Mexico	2005	Not applicable	129.40599809	26
Mexico	2004	Not applicable	122.88076442	26
Mexico	2003	Not applicable	115.10350085	26
Mexico	2002	Not applicable	109.59369299	2,26
Mexico	2001	Not applicable	105.36549055	26
Mexico	2000	Not applicable	100	26
Mexico	1999	Not applicable	94.074735745	26
Mexico	1998	Not applicable	81.223760607	26
Mexico	1997	Not applicable	69.868393628	26
Mexico	1996	Not applicable	58.701801399	26
Mexico	1995	Not applicable	41.453029626	26
Mexico	1994	Not applicable	29.775197261	2,26
Mexico	1993	Not applicable	28.282650324	26
Mexico	1992	Not applicable	26.535719146	26
Mexico	1991	Not applicable	23.856364528	26
Mexico	1990	Not applicable	19.863201374	26
Mexico	1989	Not applicable	15.841348268	26
Mexico	1988	Not applicable	13.170409369	26
Mexico	1987	Not applicable	6.2854903194	26
Mexico	1986	Not applicable	2.7193292846	26
Mexico	1985	Not applicable	1.4646220501	26
Mexico	1984	Not applicable	0.9164527004	26
Mexico	1983	Not applicable	0.5239741569	26
Mexico	1982	Not applicable	0.274180308	26
Mexico	1981	Not applicable	0.1785471347	26
Mexico	1980	Not applicable	0.1415370966	26
Mexico	1979	Not applicable	0.1132296773	26
Mexico	1978	Not applicable	0.0956331734	26
Mexico	1977	Not applicable	0.0821488959	26
Mexico	1976	Not applicable	0.0637873266	26
Mexico	1975	Not applicable	0.0566148386	26
Mexico	1974	Not applicable	0.0503030492	26
Mexico	1973	Not applicable	0.0387314352	26
Mexico	1972	Not applicable	0.0334716107	2,26
Mexico	1971	Not applicable	0.0321908092	26
Mexico	1970	Not applicable	0.0307392343	26
Mexico	1969	Not applicable	0.0292591971	26
Moldova, Republic of	2008	Not applicable	234.75771088	
Moldova, Republic of	2007	Not applicable	203.35888232	
Moldova, Republic of	2006	Not applicable	183.35734768	
Moldova, Republic of	2005	Not applicable	168.03818423	
Moldova, Republic of	2004	Not applicable	147.90052093	
Moldova, Republic of	2003	Not applicable	131.1757367	
Moldova, Republic of	2002	Not applicable	115.47007017	
Moldova, Republic of	2001	Not applicable	110.70613545	
Moldova, Republic of	2000	Not applicable	100	
Moldova, Republic of	1999	Not applicable	73.323045531	
Moldova, Republic of	1998	Not applicable	55.236122124	
Moldova, Republic of	1997	Not applicable	53.106660642	
Moldova, Republic of	1996	Not applicable	49.609944497	
Moldova, Republic of	1995	Not applicable	41.522651639	
Moldova, Republic of	1994	Not applicable	32.03201155	
Moldova, Republic of	1993	Not applicable	5.7924307918	
Moldova, Republic of	1992	Not applicable	0.4083859802	
Moldova, Republic of	1991	Not applicable	0.0284193445	
Mongolia	2005	Ulan Bator	139.38792092	26
Mongolia	2004	Ulan Bator	118.48876049	26
Mongolia	2003	Ulan Bator	105.45273991	26
Mongolia	2002	Ulan Bator	98.519454726	26
Mongolia	2001	Ulan Bator	101.52568385	26
Mongolia	2000	Ulan Bator	100	26
Mongolia	1999	Ulan Bator	87.027173422	2,26
Mongolia	1998	Ulan Bator	83.966778008	26
Mongolia	1997	Ulan Bator	82.221510105	26
Mongolia	1996	Ulan Bator	65.539264652	26
Montserrat	1987	Not applicable	100	136
Montserrat	1986	Not applicable	95.925297114	136
Montserrat	1985	Not applicable	90.152801358	136
Montserrat	1984	Not applicable	90.831918506	136
Montserrat	1983	Not applicable	84.719864177	2,136
Montserrat	1982	Not applicable	84.591594923	136
Montserrat	1981	Not applicable	77.167476726	136
Montserrat	1980	Not applicable	76.517189001	136
Montserrat	1979	Not applicable	61.83152454	136
Montserrat	1978	Not applicable	50.749537889	136
Montserrat	1977	Not applicable	46.116237847	136
Montserrat	1976	Not applicable	40.128171711	136
Montserrat	1975	Not applicable	36.795447119	136
Montserrat	1974	Not applicable	27.095321884	136,137
Morocco	2008	Not applicable	122.08045255	17,94
Morocco	2007	Not applicable	114.27404148	17,94
Morocco	2006	Not applicable	110.68510371	17,94
Morocco	2005	Not applicable	106.53676933	17,94
Morocco	2004	Not applicable	106.22250157	17,94
Morocco	2003	Not applicable	104.58830924	17,94
Morocco	2002	Not applicable	103.20553111	17,94
Morocco	2001	Not applicable	98.99434318	17,94
Morocco	2000	Not applicable	100	17,94
Morocco	1999	Not applicable	98.491514771	17,94
Morocco	1998	Not applicable	99.371464488	17,94
Morocco	1997	Not applicable	96.354494029	17,94
Morocco	1996	Not applicable	97.4230044	17,94
Morocco	1995	Not applicable	96.731615336	17,94
Morocco	1994	Not applicable	89.566310497	17,94
Morocco	1993	Not applicable	83.720930233	17,94
Morocco	1992	Not applicable	78.755499686	17,94
Morocco	1991	Not applicable	74.292897549	17,94
Morocco	1990	Not applicable	67.881835324	14,17,94
Morocco	1989	Not applicable	93.23794138	17,94
Morocco	1988	Not applicable	91.391645511	17,94
Morocco	1987	Not applicable	90.999307639	17,94
Morocco	1986	Not applicable	90.330025387	17,94
Morocco	1985	Not applicable	82.644818832	17,94
Morocco	1984	Not applicable	76.75975075	17,94
Morocco	1983	Not applicable	67.920609278	17,94
Morocco	1982	Not applicable	64.804984999	17,94
Morocco	1981	Not applicable	57.350565428	17,94
Morocco	1980	Not applicable	49.919224556	17,94
Morocco	1979	Not applicable	46.272790215	17,94
Morocco	1978	Not applicable	43.434110316	17,94
Morocco	1977	Not applicable	40.110777752	17,94
Morocco	1976	Not applicable	35.264251096	17,94
Morocco	1975	Not applicable	31.963997231	17,94
Morocco	1974	Not applicable	29.702284791	17,94
Mozambique	2007	Not applicable	224.5548584	
Mozambique	2006	Not applicable	203.56113278	
Mozambique	2005	Not applicable	173.91894183	
Mozambique	2004	Not applicable	164.94827879	
Mozambique	2003	Not applicable	148.80447685	
Mozambique	2002	Not applicable	132.28760387	
Mozambique	2002	Maputo	126.42694584	138
Mozambique	2001	Maputo	107.94720073	138
Mozambique	2001	Not applicable	110.64948279	
Mozambique	2000	Not applicable	100	
Mozambique	2000	Maputo	100	138
Mozambique	1999	Maputo	89.39462904	138
Mozambique	1999	Not applicable	93.064269968	
Mozambique	1998	Not applicable	99.287773444	
Mozambique	1998	Maputo	94.610832954	138
Mozambique	1997	Maputo	95.912608102	138
Mozambique	1997	Not applicable	101.91622859	
Mozambique	1996	Not applicable	96.218416144	
Mozambique	1996	Maputo	92.680928539	138
Mozambique	1995	Maputo	63.923532089	138
Mozambique	1994	Maputo	42.375967228	14,138
Mozambique	1986	Maputo	100	138
Mozambique	1985	Maputo	88.957055215	138
Mozambique	1984	Maputo	59.509202454	138
Mozambique	1983	Maputo	47.54601227	138
Mozambique	1982	Maputo	37.73006135	138
Mozambique	1981	Maputo	30.981595092	138
Mozambique	1980	Maputo	30.674846626	138,139
Mozambique	1976	Maputo	100	138
Mozambique	1975	Maputo	92.338709677	138
Mozambique	1974	Maputo	82.661290323	138
Mozambique	1973	Maputo	67.741935484	138
Mozambique	1972	Maputo	68.951612903	138
Mozambique	1971	Maputo	60.483870968	138
Mozambique	1970	Maputo	53.225806452	138
Mozambique	1969	Maputo	50.403225806	138
Myanmar	2008	Not applicable	638.25055597	
Myanmar	2007	Not applicable	493.90120628	
Myanmar	2006	Not applicable	365.66480221	
Myanmar	2005	Not applicable	303.20776333	
Myanmar	2004	Not applicable	277.45131074	
Myanmar	2003	Not applicable	274.31093739	
Myanmar	2002	Not applicable	201.21301975	
Myanmar	2001	Not applicable	119.5430959	
Myanmar	2000	Not applicable	100	
Myanmar	1999	Not applicable	102.61473145	
Myanmar	1999	Yangon	997.01110162	1
Myanmar	1998	Yangon	834.62852263	1
Myanmar	1998	Not applicable	84.102702338	
Myanmar	1997	Not applicable	67.389985848	
Myanmar	1997	Yangon	548.24935952	1
Myanmar	1996	Yangon	420.66609735	1
Myanmar	1995	Yangon	353.88556789	1
Myanmar	1994	Yangon	281.12724167	1
Myanmar	1993	Yangon	233.85994876	1
Myanmar	1992	Yangon	168.4030743	1
Myanmar	1991	Yangon	137.48932536	1
Myanmar	1990	Yangon	100	1
Myanmar	1989	Yangon	83.859948762	1
Myanmar	1988	Yangon	65.286080273	1
Myanmar	1987	Yangon	54.099060632	1
Myanmar	1986	Yangon	42.698548249	1,2
Myanmar	1985	Yangon	40.193969094	1
Myanmar	1984	Yangon	36.663417755	1
Myanmar	1983	Yangon	36.029729053	1
Myanmar	1982	Yangon	32.981988153	1
Myanmar	1981	Yangon	31.895664664	1
Myanmar	1980	Yangon	33.344095983	1
Myanmar	1979	Yangon	32.770758586	1,2
Myanmar	1978	Yangon	31.033797257	1
Myanmar	1977	Yangon	33.497028022	1
Myanmar	1976	Yangon	34.536823607	1
Myanmar	1975	Yangon	29.311387776	1
Myanmar	1974	Yangon	21.596263278	1
Myanmar	1973	Yangon	17.290239574	1
Myanmar	1972	Yangon	13.228951472	1
Myanmar	1971	Yangon	11.805516293	1
Myanmar	1970	Yangon	11.523739627	1
Myanmar	1969	Yangon	12.428599908	1
Namibia	2008	Not applicable	156.62466247	140
Namibia	2007	Not applicable	133.84338434	140
Namibia	2006	Not applicable	119.26192619	140
Namibia	2005	Not applicable	111.97119712	140
Namibia	2004	Not applicable	110.3510351	140
Namibia	2004	Windhoek	147.06121737	
Namibia	2003	Windhoek	144.08464624	
Namibia	2003	Not applicable	109.45094509	140
Namibia	2002	Not applicable	100	140
Namibia	2002	Windhoek	133.23062613	
Namibia	2001	Windhoek	111.45282251	
Namibia	2000	Windhoek	100	
Namibia	1999	Windhoek	93.529445962	
Namibia	1998	Windhoek	88.599500029	
Namibia	1997	Windhoek	86.274053834	
Namibia	1996	Windhoek	80.111621417	
Namibia	1995	Windhoek	75.111912098	
Namibia	1994	Windhoek	67.321667345	
Namibia	1993	Windhoek	59.473286437	
Namibia	1992	Windhoek	55.868844835	
Namibia	1991	Windhoek	46.683332364	
Namibia	1990	Windhoek	44.067205395	
Namibia	1989	Windhoek	37.555956049	
Namibia	1988	Windhoek	31.974885181	
Namibia	1987	Windhoek	27.90535434	
Namibia	1986	Windhoek	23.835823499	
Namibia	1985	Windhoek	20.929015755	
Namibia	1984	Windhoek	19.766292657	
Namibia	1983	Windhoek	18.022208011	
Nepal	2008	Not applicable	158.78833209	
Nepal	2007	Not applicable	139.56619297	
Nepal	2006	Not applicable	129.09498878	
Nepal	2005	Not applicable	120.26925954	
Nepal	2004	Not applicable	112.86462229	
Nepal	2003	Not applicable	110.09723261	
Nepal	2002	Not applicable	104.41286462	
Nepal	2001	Not applicable	101.34629768	
Nepal	2000	Not applicable	100	
Nepal	1999	Not applicable	102.76738968	
Nepal	1998	Not applicable	95.437546746	
Nepal	1997	Not applicable	82.722513089	
Nepal	1996	Not applicable	78.608825729	2
Nepal	1995	Not applicable	71.032339134	
Nepal	1994	Not applicable	66.144283266	
Nepal	1993	Not applicable	61.056261477	
Nepal	1992	Not applicable	57.879025162	
Nepal	1991	Not applicable	49.058306165	
Nepal	1990	Not applicable	41.504038005	
Nepal	1989	Not applicable	38.704515099	
Nepal	1988	Not applicable	35.149565377	
Nepal	1987	Not applicable	32.527789957	2
Nepal	1986	Not applicable	28.944567317	
Nepal	1985	Not applicable	23.598431937	
Nepal	1984	Not applicable	22.065107833	
Nepal	1983	Not applicable	21.991311486	
Nepal	1982	Not applicable	19.359241767	
Nepal	1981	Not applicable	17.145351349	
Nepal	1980	Not applicable	15.489033332	
Nepal	1979	Not applicable	13.234144943	
Nepal	1978	Not applicable	13.02915509	
Nepal	1977	Not applicable	12.020605011	
Nepal	1976	Not applicable	10.700470354	
Nepal	1975	Not applicable	11.602425709	
Nepal	1974	Not applicable	11.061252496	
Netherlands	2008	Not applicable	115.57776	54
Netherlands	2007	Not applicable	109.41549	2,54
Netherlands	2006	Not applicable	108.3	54
Netherlands	2005	Not applicable	106.5	54
Netherlands	2004	Not applicable	107.8	54
Netherlands	2003	Not applicable	111.7	54
Netherlands	2002	Not applicable	110.5	54
Netherlands	2001	Not applicable	107	54
Netherlands	2000	Not applicable	100	2,54
Netherlands	1999	Not applicable	99.150141643	54
Netherlands	1998	Not applicable	97.922568461	54
Netherlands	1997	Not applicable	95.845136922	54
Netherlands	1996	Not applicable	94.33427762	54
Netherlands	1995	Not applicable	94.428706327	54,89
Netherlands	1994	Not applicable	108.8	54
Netherlands	1993	Not applicable	106.9	54
Netherlands	1992	Not applicable	106.1	54
Netherlands	1991	Not applicable	103.4	54
Netherlands	1990	Not applicable	100	2,54
Netherlands	1989	Not applicable	97.821782178	54
Netherlands	1988	Not applicable	97.02970297	54
Netherlands	1987	Not applicable	96.732673267	54
Netherlands	1986	Not applicable	98.217821782	54
Netherlands	1985	Not applicable	99.00990099	2,54
Netherlands	1984	Not applicable	98.253458623	54
Netherlands	1983	Not applicable	94.387197633	54
Netherlands	1982	Not applicable	93.882902722	54
Netherlands	1981	Not applicable	88.671855301	54
Netherlands	1980	Not applicable	84.049151944	54
Netherlands	1979	Not applicable	80.098841803	54
Netherlands	1978	Not applicable	78.417858764	54
Netherlands	1977	Not applicable	77.745465548	54
Netherlands	1976	Not applicable	73.711106255	54
Netherlands	1975	Not applicable	67.323370707	54
Netherlands	1974	Not applicable	62.280421591	54
Netherlands	1973	Not applicable	57.657718234	54
Netherlands	1972	Not applicable	53.371211484	54
Netherlands Antilles	2008	Curaçao	171.61662587	
Netherlands Antilles	2007	Curaçao	144.96451049	2
Netherlands Antilles	2006	Curaçao	133.04195804	
Netherlands Antilles	2005	Curaçao	123.25174825	
Netherlands Antilles	2004	Curaçao	114.68531469	
Netherlands Antilles	2003	Curaçao	109.52797203	
Netherlands Antilles	2002	Curaçao	107.25524476	
Netherlands Antilles	2001	Curaçao	103.40909091	
Netherlands Antilles	2000	Curaçao	100	
Netherlands Antilles	1999	Curaçao	94.055944056	
Netherlands Antilles	1998	Curaçao	92.22027972	
Netherlands Antilles	1997	Curaçao	91.083916084	
Netherlands Antilles	1996	Curaçao	88.986013986	2
Netherlands Antilles	1995	Curaçao	84.643496503	
Netherlands Antilles	1994	Curaçao	80.585734266	
Netherlands Antilles	1993	Curaçao	78.663636364	
Netherlands Antilles	1992	Curaçao	76.243216783	
Netherlands Antilles	1991	Curaçao	74.178741259	
Netherlands Antilles	1990	Curaçao	69.195524476	
Netherlands Antilles	1989	Curaçao	64.283496503	
Netherlands Antilles	1988	Curaçao	60.296923077	
Netherlands Antilles	1987	Curaçao	55.954405594	
Netherlands Antilles	1986	Curaçao	53.178041958	
Netherlands Antilles	1985	Curaçao	52.394965035	
Netherlands Antilles	1984	Curaçao	52.893286713	
Netherlands Antilles	1983	Curaçao	51.754265734	
New Caledonia	2008	Nouméa	119.05612245	141
New Caledonia	2007	Nouméa	114.53231293	141
New Caledonia	2006	Nouméa	113.01020408	141
New Caledonia	2005	Nouméa	109.69387755	141
New Caledonia	2004	Nouméa	108.24829932	141
New Caledonia	2003	Nouméa	106.97278912	141
New Caledonia	2002	Nouméa	105.0170068	141
New Caledonia	2001	Nouméa	102.55102041	141
New Caledonia	2000	Nouméa	100	141
New Caledonia	1999	Nouméa	99.404761905	141
New Caledonia	1998	Nouméa	98.469387755	141
New Caledonia	1997	Nouméa	97.363945578	141
New Caledonia	1996	Nouméa	93.792517007	141
New Caledonia	1995	Nouméa	91.071428571	141
New Caledonia	1994	Nouméa	90.306122449	141
New Caledonia	1993	Nouméa	87.5	2,141
New Caledonia	1992	Nouméa	84.098639456	141
New Caledonia	1991	Nouméa	81.90544205	141
New Caledonia	1990	Nouméa	79.374348326	141
New Caledonia	1989	Nouméa	79.217914845	141
New Caledonia	1988	Nouméa	75.817050965	141
New Caledonia	1987	Nouméa	73.354787972	141
New Caledonia	1986	Nouméa	74.043095289	141
New Caledonia	1985	Nouméa	74.712630588	141
New Caledonia	1984	Nouméa	71.036443781	141
New Caledonia	1983	Nouméa	65.254662319	141
New Caledonia	1982	Nouméa	57.623837109	141
New Caledonia	1981	Nouméa	49.833449749	141
New Caledonia	1980	Nouméa	42.502976823	141
New Caledonia	1979	Nouméa	38.144740039	141
New Caledonia	1978	Nouméa	36.470901791	141
New Caledonia	1977	Nouméa	34.23703168	141
New Caledonia	1976	Nouméa	32.560064763	141
New Caledonia	1975	Nouméa	31.443129707	14,141
New Caledonia	1973	Nouméa	100	141
New Caledonia	1972	Nouméa	93.780210407	141
New Caledonia	1971	Nouméa	86.643446119	141
New Caledonia	1970	Nouméa	80.132214956	141
New Caledonia	1969	Nouméa	72.831959056	141
New Zealand	2008	Not applicable	130.19142999	
New Zealand	2007	Not applicable	120.62980703	
New Zealand	2006	Not applicable	116.21496289	2
New Zealand	2005	Not applicable	113.11232063	
New Zealand	2004	Not applicable	110.31667491	
New Zealand	2003	Not applicable	109.42602672	
New Zealand	2002	Not applicable	109.35180604	
New Zealand	2001	Not applicable	106.03661554	
New Zealand	2000	Not applicable	100	
New Zealand	1999	Not applicable	98.723404255	
New Zealand	1998	Not applicable	97.72389906	2
New Zealand	1997	Not applicable	94.65309262	
New Zealand	1996	Not applicable	92.666100218	
New Zealand	1995	Not applicable	91.401650507	
New Zealand	1994	Not applicable	90.227518633	
New Zealand	1993	Not applicable	90.588789979	
New Zealand	1992	Not applicable	89.595293778	
New Zealand	1991	Not applicable	89.504975941	
New Zealand	1990	Not applicable	88.692115413	14
New Zealand	1989	Not applicable	93.245614035	
New Zealand	1988	Not applicable	85.789473684	2
New Zealand	1987	Not applicable	80.793593251	
New Zealand	1986	Not applicable	71.339023828	
New Zealand	1985	Not applicable	64.033220183	
New Zealand	1984	Not applicable	55.814191082	
New Zealand	1983	Not applicable	52.730712191	
New Zealand	1982	Not applicable	50.678640873	
New Zealand	1981	Not applicable	45.129453251	
New Zealand	1980	Not applicable	38.650924431	
New Zealand	1979	Not applicable	32.081073065	
New Zealand	1978	Not applicable	27.33767261	
New Zealand	1977	Not applicable	24.705434532	
New Zealand	1976	Not applicable	21.106251854	
New Zealand	1975	Not applicable	17.807896385	
New Zealand	1974	Not applicable	16.099627591	
New Zealand	1973	Not applicable	14.428962199	
New Zealand	1972	Not applicable	12.978545299	
New Zealand	1971	Not applicable	12.393006624	
New Zealand	1970	Not applicable	11.356227136	
Nicaragua	2008	Not applicable	242.8	142
Nicaragua	2007	Not applicable	188.9	142
Nicaragua	2006	Not applicable	162.5	142
Nicaragua	2005	Not applicable	149	142
Nicaragua	2004	Not applicable	133.6	142
Nicaragua	2003	Not applicable	120.66	142
Nicaragua	2002	Not applicable	115.67	142
Nicaragua	2001	Not applicable	112.09	142
Nicaragua	2000	Managua	100	143
Nicaragua	1999	Managua	95.224817009	143
Nicaragua	1999	Not applicable	100	142
Nicaragua	1998	Managua	90.304403393	143
Nicaragua	1997	Managua	79.022888347	143
Nicaragua	1996	Managua	72.446845591	143
Nicaragua	1995	Managua	65.040083653	143
Nicaragua	1994	Managua	58.092250494	2,143
Nicaragua	1993	Managua	53.895941093	143
Nicaragua	1992	Managua	48.358504737	143
Nicaragua	1991	Managua	39.362205769	143
Nicaragua	1990	Managua	1.3805641038	143
Nicaragua	1989	Managua	0.0186649527	143
Nicaragua	1988	Managua	0.0004611077	14,143
Nicaragua	1987	Managua	124481.01	143
Nicaragua	1986	Managua	11413.32	143
Nicaragua	1985	Managua	1156.35	143
Nicaragua	1984	Managua	333.47	143
Nicaragua	1983	Managua	235.58	143
Nicaragua	1982	Managua	166.55	143
Nicaragua	1981	Managua	129	143
Nicaragua	1980	Managua	100	2,143
Nicaragua	1979	Managua	67.062012877	143
Nicaragua	1978	Managua	41.057268722	143
Nicaragua	1977	Managua	39.647577093	143
Nicaragua	1976	Managua	34.527278889	143
Nicaragua	1975	Managua	34.137580481	143
Nicaragua	1974	Managua	31.684174856	143
Nicaragua	1973	Managua	28.024398509	5,143
Niger	2008	Niamey, Afric.	141.75565611	17
Niger	2007	Niamey, Afric.	117.6199095	17
Niger	2006	Niamey, Afric.	118.37104072	17
Niger	2005	Niamey, Afric.	120.7239819	17
Niger	2004	Niamey, Afric.	105.11312217	17
Niger	2003	Niamey, Afric.	106.69683258	17
Niger	2002	Niamey, Afric.	111.94570136	17
Niger	2001	Niamey, Afric.	107.14932127	17
Niger	2000	Niamey, Afric.	100	17
Niger	1999	Niamey, Afric.	97.013574661	17
Niger	1998	Niamey, Afric.	102.44343891	17,144
Niger	1997	Niamey, Afric.	95.540783556	17
Niger	1996	Niamey, Afric.	90.497737557	17
Niger	1995	Niamey, Afric.	80.688735997	17
Niger	1994	Niamey, Afric.	73.927729272	17
Niger	1993	Niamey, Afric.	51.317149404	17
Niger	1992	Niamey, Afric.	50.762968525	17
Niger	1991	Niamey, Afric.	52.259256899	2,17
Niger	1990	Niamey, Afric.	55.764450959	17
Niger	1989	Niamey, Afric.	55.41808791	17
Niger	1988	Niamey, Afric.	58.625153182	17
Niger	1987	Niamey, Afric.	61.1908054	17
Niger	1986	Niamey, Afric.	69.080185971	17
Niger	1985	Niamey, Afric.	73.262199086	17
Niger	1984	Niamey, Afric.	75.199266511	17
Niger	1983	Niamey, Afric.	68.60554031	17
Niger	1982	Niamey, Afric.	75.019670856	17
Niger	1981	Niamey, Afric.	68.041096822	17
Niger	1980	Niamey, Afric.	52.903748736	17,145
Niger	1979	Niamey, Afric.	48.375372571	17
Niger	1978	Niamey, Afric.	45.219620343	17
Niger	1977	Niamey, Afric.	42.24346377	17
Niger	1976	Niamey, Afric.	33.340650573	17
Niger	1975	Niamey, Afric.	26.47753089	17
Niger	1974	Niamey, Afric.	24.47632216	17
Niger	1973	Niamey, Afric.	23.809252583	17
Niger	1972	Niamey, Afric.	20.319965567	17
Niger	1971	Niamey, Afric.	17.472091605	17
Niger	1970	Niamey, Afric.	16.561285067	17
Niger	1969	Niamey, Afric.	16.958961161	17
Nigeria	2008	Not applicable	269.99814855	
Nigeria	2007	Not applicable	232.60801872	
Nigeria	2006	Not applicable	228.34686428	
Nigeria	2005	Not applicable	216.29860014	
Nigeria	2004	Not applicable	175.80262887	
Nigeria	2003	Not applicable	153.79166561	2
Nigeria	2002	Not applicable	144.83562409	
Nigeria	2001	Not applicable	128.018216	
Nigeria	2000	Not applicable	100	
Nigeria	1999	Not applicable	97.64201875	
Nigeria	1998	Not applicable	96.681994868	
Nigeria	1997	Not applicable	90.683036508	
Nigeria	1996	Not applicable	83.543990244	
Nigeria	1995	Not applicable	64.184725998	
Nigeria	1994	Not applicable	37.302151876	
Nigeria	1993	Not applicable	25.412210056	
Nigeria	1992	Not applicable	16.094611417	
Nigeria	1991	Not applicable	10.984858108	
Nigeria	1990	Not applicable	9.8193643454	
Nigeria	1989	Not applicable	9.4668580575	
Nigeria	1988	Not applicable	6.2022052285	
Nigeria	1987	Not applicable	4.0236528543	
Nigeria	1986	Not applicable	3.4170879805	
Nigeria	1985	Not applicable	3.236071238	2
Nigeria	1984	Not applicable	3.1140288323	
Nigeria	1983	Not applicable	2.1785867753	
Nigeria	1982	Not applicable	1.7683165602	
Nigeria	1981	Not applicable	1.6242026555	
Nigeria	1980	Not applicable	1.2879368779	
Nigeria	1979	Not applicable	1.2028966909	
Nigeria	1978	Not applicable	1.1094174014	
Nigeria	1977	Not applicable	0.9445303212	
Nigeria	1976	Not applicable	0.7965214462	
Nigeria	1975	Not applicable	0.6491617328	
Niue	2008	Not applicable	149.97473207	
Niue	2007	Not applicable	134.91228359	
Niue	2006	Not applicable	127.23338829	
Niue	2005	Not applicable	122.03536686	
Niue	2004	Not applicable	121.2084089	146
Niue	2003	Not applicable	118.25498763	2
Niue	2002	Not applicable	115.08656224	
Niue	2001	Not applicable	111.21187139	
Niue	2000	Not applicable	100	
Niue	1999	Not applicable	94.888705688	
Niue	1998	Not applicable	94.476504534	
Niue	1997	Not applicable	94.394064303	
Niue	1996	Not applicable	92.580379225	
Niue	1995	Not applicable	93.569661995	
Niue	1994	Not applicable	92.333058533	
Niue	1993	Not applicable	91.261335532	
Niue	1992	Not applicable	88.870568838	
Niue	1991	Not applicable	86.479802143	
Niue	1990	Not applicable	83.099752679	
Niue	1989	Not applicable	78.400659522	
Niue	1988	Not applicable	74.27864798	
Niue	1987	Not applicable	71.475680132	
Niue	1986	Not applicable	67.436108821	
Niue	1985	Not applicable	62.159934048	
Niue	1984	Not applicable	55.729596043	
Niue	1983	Not applicable	51.44270404	
Niue	1982	Not applicable	46.57873042	2
Niue	1981	Not applicable	41.351659026	
Niue	1980	Not applicable	35.38523104	
Niue	1979	Not applicable	31.197948748	
Niue	1978	Not applicable	28.735898645	
Niue	1977	Not applicable	24.764270377	
Niue	1976	Not applicable	19.85814134	2
Niue	1975	Not applicable	13.15489544	
Niue	1974	Not applicable	10.711424884	
Niue	1973	Not applicable	8.7777431487	
Niue	1972	Not applicable	7.3890080845	
Norfolk Island	2006	Not applicable	137.32503888	
Norfolk Island	2005	Not applicable	129.9377916	
Norfolk Island	2004	Not applicable	123.4059098	
Norfolk Island	2003	Not applicable	118.42923795	
Norfolk Island	2002	Not applicable	112.36391913	
Norfolk Island	2001	Not applicable	104.51010886	
Norfolk Island	2000	Not applicable	100	
Norfolk Island	1999	Not applicable	97.200622084	
Norfolk Island	1998	Not applicable	95.567651633	
Norfolk Island	1997	Not applicable	93.856920684	
Norfolk Island	1996	Not applicable	92.690513219	
Norfolk Island	1995	Not applicable	88.724727838	
Norfolk Island	1994	Not applicable	84.292379471	
Norfolk Island	1993	Not applicable	81.881804044	
Norfolk Island	1992	Not applicable	80.171073095	
Norfolk Island	1991	Not applicable	79.548989114	
Northern Mariana Islands	2008	Saipan	103.7202381	
Northern Mariana Islands	2007	Saipan	95.995429422	
Northern Mariana Islands	2006	Saipan	91.432823129	
Northern Mariana Islands	2005	Saipan	93.854166667	
Northern Mariana Islands	2004	Saipan	94.866071429	
Northern Mariana Islands	2003	Saipan	90.691964286	2
Northern Mariana Islands	2002	Saipan	92.96875	
Northern Mariana Islands	2001	Saipan	96.630859375	
Northern Mariana Islands	2000	Saipan	100	
Northern Mariana Islands	1999	Saipan	100.63476563	
Northern Mariana Islands	1998	Saipan	101.85546875	
Northern Mariana Islands	1997	Saipan	102.34375	
Northern Mariana Islands	1996	Saipan	102.68554688	
Northern Mariana Islands	1995	Saipan	100.34179688	
Northern Mariana Islands	1994	Saipan	99.755859375	
Northern Mariana Islands	1993	Saipan	98.388671875	
Northern Mariana Islands	1992	Saipan	94.53125	
Northern Mariana Islands	1991	Saipan	91.796875	
Northern Mariana Islands	1990	Saipan	84.66796875	
Northern Mariana Islands	1989	Saipan	83.3984375	
Northern Mariana Islands	1988	Saipan	88.134765625	
Northern Mariana Islands	1986	Saipan	81.494140625	
Northern Mariana Islands	1985	Saipan	79.150390625	
Northern Mariana Islands	1984	Saipan	75.830078125	
Northern Mariana Islands	1983	Saipan	74.51171875	
Northern Mariana Islands	1982	Saipan	72.75390625	
Northern Mariana Islands	1981	Saipan	68.115234375	
Northern Mariana Islands	1980	Saipan	57.12890625	
Northern Mariana Islands	1979	Saipan	52.197265625	
Norway	2008	Not applicable	111.92748092	
Norway	2007	Not applicable	107.34732824	
Norway	2006	Not applicable	104.58015267	
Norway	2005	Not applicable	103.05343511	
Norway	2004	Not applicable	101.52671756	
Norway	2003	Not applicable	99.713740458	
Norway	2002	Not applicable	96.469465649	
Norway	2001	Not applicable	98.091603053	
Norway	2000	Not applicable	100	
Norway	1999	Not applicable	98.187022901	
Norway	1998	Not applicable	95.419847328	147
Norway	1997	Not applicable	110.43699618	
Norway	1996	Not applicable	106.74586339	
Norway	1995	Not applicable	105.04879084	
Norway	1994	Not applicable	103.43657191	
Norway	1993	Not applicable	101.95163343	
Norway	1992	Not applicable	103.13958422	
Norway	1991	Not applicable	101.69707255	
Norway	1990	Not applicable	100	
Norway	1989	Not applicable	96.817988969	
Norway	1988	Not applicable	94.272380144	
Norway	1987	Not applicable	88.544760289	
Norway	1986	Not applicable	82.392872295	
Norway	1985	Not applicable	75.434874841	
Norway	1984	Not applicable	70.89520577	
Norway	1983	Not applicable	66.48281714	
Norway	1982	Not applicable	61.391599491	
Norway	1981	Not applicable	53.924480272	
Norway	1980	Not applicable	45.948239287	
Norway	1979	Not applicable	42.426813746	
Norway	1978	Not applicable	40.77216801	
Norway	1977	Not applicable	38.523546882	
Norway	1976	Not applicable	35.511243106	
Norway	1975	Not applicable	32.244378447	
Norway	1974	Not applicable	27.959270259	
Norway	1973	Not applicable	25.837929571	
Norway	1972	Not applicable	24.140857022	
Norway	1971	Not applicable	22.571064913	
Norway	1970	Not applicable	21.298260501	
Norway	1969	Not applicable	18.837505303	
Oman	2008	Muscat	144.91	17
Oman	2007	Muscat	118.9	17
Oman	2006	Muscat	108.3	17
Oman	2005	Muscat	102.7	2,17
Oman	2004	Muscat	98.520710059	17
Oman	2003	Muscat	98.224852071	17
Oman	2002	Muscat	98.3234714	17
Oman	2001	Muscat	99.408284024	17
Oman	2000	Muscat	100	17
Oman	1999	Muscat	101.28205128	17
Oman	1998	Muscat	101.47928994	17
Oman	1997	Muscat	101.77514793	17
Oman	1996	Muscat	101.28205128	17
Oman	1995	Muscat	98.619329389	2,17
Oman	1994	Muscat	97.159023425	17
Oman	1993	Muscat	98.132560734	17
Oman	1992	Muscat	99.690220428	17
Oman	1991	Muscat	100.37169654	17
Oman	1990	Muscat	97.353730887	2,17
Oman	1989	Muscat	97.754693535	17
Oman	1988	Muscat	96.391420532	17
Oman	1987	Muscat	94.867762471	17
Oman	1986	Muscat	94.226222234	17
Oman	1985	Muscat	87.008894574	17
Oman	1980	Muscat	90.697750933	17
Pakistan	2008	Not applicable	202.59153324	
Pakistan	2007	Not applicable	158.80192716	
Pakistan	2006	Not applicable	143.30683165	
Pakistan	2005	Not applicable	132.08834196	
Pakistan	2004	Not applicable	120.23140165	
Pakistan	2003	Not applicable	108.61768062	
Pakistan	2002	Not applicable	105.92200017	2
Pakistan	2001	Not applicable	101.83377197	
Pakistan	2000	Not applicable	100	
Pakistan	1999	Not applicable	96.897020121	
Pakistan	1998	Not applicable	93.250700399	
Pakistan	1997	Not applicable	88.182358435	
Pakistan	1996	Not applicable	78.737583836	
Pakistan	1995	Not applicable	72.03073266	
Pakistan	1994	Not applicable	62.9892181	
Pakistan	1993	Not applicable	55.136259445	
Pakistan	1992	Not applicable	49.910858307	2
Pakistan	1991	Not applicable	45.035453105	
Pakistan	1990	Not applicable	40.726144594	
Pakistan	1989	Not applicable	37.497752592	
Pakistan	1988	Not applicable	34.497029912	
Pakistan	1987	Not applicable	30.891240115	
Pakistan	1986	Not applicable	29.133468866	
Pakistan	1985	Not applicable	28.405337252	
Pakistan	1984	Not applicable	27.102904647	
Pakistan	1983	Not applicable	25.425125322	
Pakistan	1982	Not applicable	24.024241117	
Panama	2008	Not applicable	131.2749004	28,44
Panama	2007	Not applicable	114.24302789	28,44
Panama	2006	Not applicable	106.97211155	28,44
Panama	2005	Not applicable	105.57768924	28,44
Panama	2004	Not applicable	101.29482072	28,44
Panama	2003	Not applicable	100	28,44
Panama	2002	Panamá	98.94086496	94
Panama	2001	Panamá	99.558693733	94
Panama	2000	Panamá	100	94
Panama	1999	Panamá	99.293909974	94
Panama	1998	Panamá	99.382171227	94
Panama	1997	Panamá	99.029126214	94
Panama	1996	Panamá	98.323036187	94
Panama	1995	Panamá	97.616946161	94
Panama	1994	Panamá	97.087378641	94
Panama	1993	Panamá	95.675198588	94
Panama	1992	Panamá	95.410414828	94
Panama	1991	Panamá	92.144748455	94
Panama	1990	Panamá	90.026478376	14,94
Panama	1989	Panamá	99.528023599	94
Panama	1988	Panamá	100.88495575	94
Panama	1987	Panamá	100.64896755	94
Panama	1986	Panamá	98.171091445	94
Panama	1985	Panamá	97.758112094	94
Panama	1984	Panamá	97.463126844	94
Panama	1983	Panamá	96.04719764	94
Panama	1982	Panamá	93.864306785	94
Panama	1981	Panamá	88.613569322	94
Panama	1980	Panamá	81.179941003	94
Panama	1979	Panamá	72.09439528	94
Panama	1978	Panamá	65.427728614	94
Panama	1977	Panamá	61.592920354	94
Panama	1976	Panamá	59.82300885	94
Panama	1975	Panamá	58.997050147	2,94
Panama	1974	Panamá	55.243889591	94
Panama	1973	Panamá	44.972081753	94
Panama	1972	Panamá	40.955541509	94
Panama	1971	Panamá	39.144806153	94
Panama	1970	Panamá	38.222977244	94
Panama	1969	Panamá	37.13653603	94
Papua New Guinea	2008	Not applicable	187.00096432	
Papua New Guinea	2007	Not applicable	160.32786885	
Papua New Guinea	2006	Not applicable	159.30568949	
Papua New Guinea	2005	Not applicable	151.2246866	
Papua New Guinea	2004	Not applicable	146.07521697	
Papua New Guinea	2003	Not applicable	145.32304725	
Papua New Guinea	2002	Not applicable	128.29315333	
Papua New Guinea	2001	Not applicable	109.58534233	
Papua New Guinea	2000	Not applicable	100	
Papua New Guinea	1999	Not applicable	88.042430087	
Papua New Guinea	1998	Not applicable	75.255544841	
Papua New Guinea	1997	Not applicable	66.383799421	
Papua New Guinea	1996	Not applicable	62.37222758	
Papua New Guinea	1995	Not applicable	54.831243973	
Papua New Guinea	1994	Not applicable	46.460945034	
Papua New Guinea	1993	Not applicable	45.612343298	
Papua New Guinea	1992	Not applicable	44.532304725	
Papua New Guinea	1991	Not applicable	43.1243973	
Papua New Guinea	1990	Not applicable	40.019286403	
Papua New Guinea	1989	Not applicable	36.528447445	
Papua New Guinea	1988	Not applicable	35.159112825	
Papua New Guinea	1987	Not applicable	33.847637416	
Papua New Guinea	1986	Not applicable	33.056894889	
Papua New Guinea	1985	Not applicable	32.246865959	
Papua New Guinea	1984	Not applicable	31.051108968	
Papua New Guinea	1983	Not applicable	28.968177435	
Papua New Guinea	1982	Not applicable	27.598842816	
Papua New Guinea	1981	Not applicable	26.306653809	
Papua New Guinea	1980	Not applicable	24.204435873	
Papua New Guinea	1979	Not applicable	21.176470588	
Papua New Guinea	1978	Not applicable	20.135004822	
Papua New Guinea	1977	Not applicable	19.286403086	
Papua New Guinea	1976	Not applicable	18.611378978	2
Papua New Guinea	1975	Not applicable	17.775829871	
Papua New Guinea	1974	Not applicable	16.584391843	
Papua New Guinea	1973	Not applicable	12.48882362	
Papua New Guinea	1972	Not applicable	11.361212629	
Papua New Guinea	1971	Not applicable	10.63783954	
Paraguay	2008	Asunción	246.08679563	2
Paraguay	2007	Asunción	213.16232128	
Paraguay	2006	Asunción	182.50630782	
Paraguay	2005	Asunción	156.18166526	
Paraguay	2004	Asunción	149.74768713	
Paraguay	2003	Asunción	139.31875526	
Paraguay	2002	Asunción	114.42388562	
Paraguay	2001	Asunción	103.82674516	
Paraguay	2000	Asunción	100	
Paraguay	1999	Asunción	92.304457527	
Paraguay	1998	Asunción	89.52901598	
Paraguay	1997	Asunción	80.529857023	
Paraguay	1996	Asunción	77.123633305	
Paraguay	1995	Asunción	72.750210261	
Paraguay	1994	Asunción	63.62489487	
Paraguay	1993	Asunción	52.52312868	
Paraguay	1992	Asunción	44.827586207	
Paraguay	1991	Asunción	39.024390244	
Paraguay	1990	Asunción	32.548359966	14
Paraguay	1989	Asunción	68.303257558	
Paraguay	1988	Asunción	56.737754863	
Paraguay	1987	Asunción	45.840168737	
Paraguay	1986	Asunción	37.02835716	
Paraguay	1985	Asunción	25.790953832	
Paraguay	1984	Asunción	20.224982423	
Paraguay	1983	Asunción	15.690180455	
Paraguay	1982	Asunción	13.393484884	
Paraguay	1981	Asunción	12.936489337	
Paraguay	1980	Asunción	11.717834544	2
Paraguay	1979	Asunción	9.8512261584	
Paraguay	1978	Asunción	7.6095783578	
Paraguay	1977	Asunción	6.7363949872	
Paraguay	1976	Asunción	6.0550256684	
Paraguay	1975	Asunción	5.8088165869	
Paraguay	1974	Asunción	5.5540188164	
Paraguay	1973	Asunción	4.451803742	
Paraguay	1972	Asunción	3.6587814677	
Paraguay	1971	Asunción	3.2923307417	
Paraguay	1970	Asunción	3.0318071787	
Paraguay	1969	Asunción	3.0976537935	
Peru	2008	Lima	123.33186876	15
Peru	2007	Lima	112.98087264	15
Peru	2006	Lima	110.220607	15
Peru	2005	Lima	107.60035485	15
Peru	2004	Lima	106.6002586	15
Peru	2003	Lima	100.97971771	15
Peru	2002	Lima	100.20964361	2,15
Peru	2001	Lima	100.48916841	15
Peru	2000	Lima	100	15
Peru	1999	Lima	99.253389238	15
Peru	1998	Lima	99.527113906	15
Peru	1997	Lima	91.897274633	15
Peru	1996	Lima	85.835639413	15
Peru	1995	Lima	76.532704403	15
Peru	1994	Lima	69.967365479	2,15
Peru	1993	Lima	59.319373017	15
Peru	1992	Lima	39.699222258	15
Peru	1991	Lima	23.111042234	15
Peru	1990	Lima	5.1564128144	2,15
Peru	1989	Lima	0.0749228138	2,15
Peru	1988	Lima	0.002742722	15
Peru	1987	Lima	0.0004316016	15
Peru	1986	Lima	0.000260614	15
Peru	1985	Lima	0.0001408201	15
Peru	1984	Lima	5.63394E-05	15
Peru	1983	Lima	2.73107E-05	15
Peru	1982	Lima	1.21026E-05	15
Peru	1981	Lima	7.917689E-06	15
Peru	1980	Lima	4.4872556E-06	15
Peru	1979	Lima	2.8257277E-06	2,15
Peru	1978	Lima	1.6219344E-06	15
Peru	1977	Lima	1.0158331E-06	15
Peru	1976	Lima	7.242845E-07	15
Peru	1975	Lima	5.4820862E-07	15
Peru	1974	Lima	4.1275494E-07	15
Peru	1973	Lima	3.4749532E-07	15
Peru	1972	Lima	3.155605E-07	15
Peru	1971	Lima	2.9387679E-07	15
Peru	1970	Lima	2.751468E-07	15
Peru	1969	Lima	2.60135E-07	15
Philippines	2008	Not applicable	152.3	26
Philippines	2007	Not applicable	134.9	26
Philippines	2006	Not applicable	130.6	26
Philippines	2005	Not applicable	123.8	26
Philippines	2004	Not applicable	116.3	26
Philippines	2003	Not applicable	109.4	26
Philippines	2002	Not applicable	107.1	26
Philippines	2001	Not applicable	104.7	26
Philippines	2000	Not applicable	100	2,26
Philippines	1999	Not applicable	98.006872852	26
Philippines	1998	Not applicable	93.127147766	26
Philippines	1997	Not applicable	85.567010309	26
Philippines	1996	Not applicable	82.749140893	26
Philippines	1995	Not applicable	74.914089347	26
Philippines	1994	Not applicable	68.728522337	2,26
Philippines	1993	Not applicable	63.479747526	26
Philippines	1992	Not applicable	59.828425919	26
Philippines	1991	Not applicable	55.986931311	26
Philippines	1990	Not applicable	48.532149697	26
Philippines	1989	Not applicable	43.359444086	26
Philippines	1988	Not applicable	38.034600076	2,26
Philippines	1987	Not applicable	34.295130983	26
Philippines	1986	Not applicable	32.905328299	26
Philippines	1985	Not applicable	33.195287132	26
Philippines	1984	Not applicable	27.136147373	26
Philippines	1983	Not applicable	17.647494515	26
Philippines	1982	Not applicable	16.24769325	26
Philippines	1981	Not applicable	14.977873531	26
Philippines	1980	Not applicable	13.288113433	26
Philippines	1979	Not applicable	11.558359014	26
Philippines	1978	Not applicable	9.9985804615	2,26
Philippines	1977	Not applicable	9.4070338541	26
Philippines	1976	Not applicable	8.5846397902	26
Philippines	1975	Not applicable	7.8584321665	26
Philippines	1974	Not applicable	7.4688770836	26
Philippines	1973	Not applicable	5.5595762451	26
Philippines	1972	Not applicable	4.8093220113	26
Poland	2008	Not applicable	122.54025045	31,148
Poland	2007	Not applicable	115.92128801	31,148
Poland	2006	Not applicable	111.18067979	31,148
Poland	2005	Not applicable	110.55456172	31,148
Poland	2004	Not applicable	108.58676208	31,148
Poland	2003	Not applicable	102.95169946	31,148
Poland	2002	Not applicable	104.56171735	31,148
Poland	2001	Not applicable	105.09838998	31,148
Poland	2000	Not applicable	100	31,148
Poland	1999	Not applicable	91.234347048	31,148
Poland	1998	Not applicable	89.445438283	14,31,148
Poland	1997	Not applicable	620.1	31,148
Poland	1996	Not applicable	550.2	31,148
Poland	1995	Not applicable	461.6	31,148
Poland	1994	Not applicable	362.9	31,148
Poland	1993	Not applicable	273.7	31,148
Poland	1992	Not applicable	206.6	31,148
Poland	1991	Not applicable	151	31,148
Poland	1990	Not applicable	100	2,31,148
Poland	1989	Not applicable	15.792684021	31,148
Poland	1988	Not applicable	3.9450314849	31,148
Poland	1987	Not applicable	2.5528784916	31,148
Poland	1986	Not applicable	2.0684953625	31,148
Poland	1985	Not applicable	1.7940115893	2,31,148
Poland	1984	Not applicable	1.6031678052	31,148
Poland	1983	Not applicable	1.412324021	31,148
Poland	1982	Not applicable	1.1778702317	31,148
Poland	1981	Not applicable	0.5205194196	31,148
Poland	1980	Not applicable	0.4000917907	2,31,148
Poland	1979	Not applicable	0.3614757229	31,148
Poland	1978	Not applicable	0.3343467133	31,148
Poland	1977	Not applicable	0.3030628103	31,148
Poland	1976	Not applicable	0.2883984807	31,148
Poland	1975	Not applicable	0.2788666665	31,148
Poland	1974	Not applicable	0.2764226116	31,148
Poland	1973	Not applicable	0.2512488459	31,148
Poland	1972	Not applicable	0.248804791	31,148
Poland	1971	Not applicable	0.2490491965	31,148
Poland	1970	Not applicable	0.2444054922	31,148
Poland	1969	Not applicable	0.2390285713	31,148
Portugal	2008	Not applicable	121.1386469	
Portugal	2007	Not applicable	117.03225209	
Portugal	2006	Not applicable	114.22261353	
Portugal	2005	Not applicable	111.30491196	
Portugal	2004	Not applicable	112.0613531	
Portugal	2003	Not applicable	110.87265987	
Portugal	2002	Not applicable	108.06302132	2
Portugal	2001	Not applicable	106.48748842	
Portugal	2000	Not applicable	100	
Portugal	1999	Not applicable	97.868396664	
Portugal	1998	Not applicable	95.922150139	
Portugal	1997	Not applicable	92.678405931	2
Portugal	1996	Not applicable	92.153528228	
Portugal	1995	Not applicable	89.904052356	
Portugal	1994	Not applicable	86.454856019	
Portugal	1993	Not applicable	82.480781978	
Portugal	1992	Not applicable	80.306288635	
Portugal	1991	Not applicable	74.982529071	2
Portugal	1990	Not applicable	68.230924229	
Portugal	1989	Not applicable	60.049567773	
Portugal	1988	Not applicable	52.503656479	
Portugal	1987	Not applicable	48.082017229	
Portugal	1986	Not applicable	44.242869378	
Portugal	1985	Not applicable	40.562582817	
Portugal	1984	Not applicable	34.366992491	
Portugal	1983	Not applicable	26.476881734	2
Portugal	1982	Not applicable	21.169001547	
Portugal	1981	Not applicable	17.055238104	
Portugal	1980	Not applicable	14.273133648	
Portugal	1979	Not applicable	12.928970821	
Portugal	1978	Not applicable	10.096851004	
Portugal	1977	Not applicable	8.2462826463	
Portugal	1976	Not applicable	6.2519201261	
Puerto Rico	2008	Not applicable	331.45363825	
Puerto Rico	2007	Not applicable	280.98406098	2
Puerto Rico	2006	Not applicable	257.13790714	
Puerto Rico	2005	Not applicable	212.09286209	
Puerto Rico	2004	Not applicable	176.2993763	
Puerto Rico	2003	Not applicable	145.77269577	
Puerto Rico	2002	Not applicable	127.75467775	
Puerto Rico	2001	Not applicable	114.13721414	
Puerto Rico	2000	Not applicable	100	
Puerto Rico	1999	Not applicable	91.718641719	
Puerto Rico	1998	Not applicable	83.090783091	
Puerto Rico	1997	Not applicable	74.047124047	
Puerto Rico	1996	Not applicable	66.597366597	
Puerto Rico	1995	Not applicable	60.533610534	
Puerto Rico	1994	Not applicable	54.677754678	
Puerto Rico	1993	Not applicable	50.415800416	
Puerto Rico	1992	Not applicable	47.470547471	
Puerto Rico	1991	Not applicable	44.871794872	
Puerto Rico	1990	Not applicable	42.61954262	
Puerto Rico	1989	Not applicable	39.258489258	
Puerto Rico	1988	Not applicable	37.318087318	
Puerto Rico	1987	Not applicable	35.966735967	
Puerto Rico	1986	Not applicable	35.135135135	
Puerto Rico	1985	Not applicable	34.753984754	
Puerto Rico	1984	Not applicable	34.65003465	149
Puerto Rico	1983	Not applicable	79.523026316	
Puerto Rico	1982	Not applicable	78.728070175	
Puerto Rico	1981	Not applicable	76.617324561	
Puerto Rico	1980	Not applicable	70.175438596	
Puerto Rico	1979	Not applicable	63.843201754	
Puerto Rico	1978	Not applicable	59.566885965	
Puerto Rico	1977	Not applicable	56.25	
Puerto Rico	1976	Not applicable	53.316885965	
Puerto Rico	1975	Not applicable	53.645833333	
Puerto Rico	1974	Not applicable	49.287280702	
Puerto Rico	1973	Not applicable	37.911184211	
Puerto Rico	1972	Not applicable	33.689692982	
Qatar	2008	Not applicable	148.24351297	17
Qatar	2007	Not applicable	123.60279441	17
Qatar	2006	Not applicable	115.13972056	17
Qatar	2005	Not applicable	107.68463074	17
Qatar	2004	Not applicable	104.37125749	17
Qatar	2003	Not applicable	100.69860279	17
Qatar	2002	Not applicable	101.09780439	17
Qatar	2001	Not applicable	99.800399202	17
Qatar	2000	Not applicable	100	2,17
Qatar	1999	Not applicable	99.588615565	17
Qatar	1998	Not applicable	99.63898917	17
Qatar	1997	Not applicable	95.70984804	17
Qatar	1996	Not applicable	96.247166485	17
Qatar	1995	Not applicable	92.183695743	17
Qatar	1994	Not applicable	82.948534968	17
Qatar	1993	Not applicable	87.398203341	17
Qatar	1992	Not applicable	94.198639913	17
Qatar	1991	Not applicable	94.28259592	17
Qatar	1990	Not applicable	88.825455461	17
Qatar	1989	Not applicable	87.482159349	17
Qatar	1988	Not applicable	83.956007052	17
Qatar	1987	Not applicable	82.360842918	17
Qatar	1986	Not applicable	81.18545882	17
Réunion	2008	Not applicable	121.54308617	
Réunion	2007	Not applicable	114.02805611	
Réunion	2006	Not applicable	111.22244489	
Réunion	2005	Not applicable	108.81763527	
Réunion	2004	Not applicable	107.51503006	
Réunion	2003	Not applicable	107.51503006	
Réunion	2002	Not applicable	108.31663327	
Réunion	2001	Not applicable	101.50300601	
Réunion	2000	Not applicable	100	
Réunion	1999	Not applicable	99.298597194	
Réunion	1998	Not applicable	100.2004008	2
Réunion	1997	Not applicable	97.521693345	
Réunion	1996	Not applicable	96.014920401	
Réunion	1995	Not applicable	94.257018632	
Réunion	1994	Not applicable	93.50363216	
Réunion	1993	Not applicable	92.750245688	
Réunion	1992	Not applicable	89.485570975	
Réunion	1991	Not applicable	87.56024999	
Réunion	1990	Not applicable	83.709608021	150
Réunion	1989	Not applicable	82.239501269	
Réunion	1988	Not applicable	79.299287764	
Réunion	1987	Not applicable	81.374732591	
Réunion	1986	Not applicable	80.077579574	
Réunion	1985	Not applicable	78.304803784	
Réunion	1984	Not applicable	73.548576056	
Réunion	1983	Not applicable	69.138255799	
Réunion	1982	Not applicable	63.992882165	
Réunion	1981	Not applicable	56.642348403	
Réunion	1980	Not applicable	51.410497902	
Réunion	1979	Not applicable	46.697508607	
Réunion	1979	Saint-Denis	100	32
Réunion	1978	Saint-Denis	90.016038492	32
Réunion	1978	Not applicable	43.238433895	
Réunion	1977	Saint-Denis	84.402566159	32
Réunion	1976	Saint-Denis	72.774659182	32
Réunion	1975	Saint-Denis	67.963111468	32
Réunion	1974	Saint-Denis	60.545308741	32
Réunion	1973	Saint-Denis	51.443464314	32
Réunion	1972	Saint-Denis	43.2638332	2,32
Réunion	1971	Saint-Denis	39.932071148	32
Réunion	1970	Saint-Denis	38.738542121	32
Réunion	1969	Saint-Denis	36.419685727	32
Romania	2008	Not applicable	251.90684564	151
Romania	2007	Not applicable	230.64853984	151
Romania	2006	Not applicable	222.01871863	151
Romania	2005	Not applicable	213.80111378	151
Romania	2004	Not applicable	201.49514492	151
Romania	2003	Not applicable	184.0599433	151
Romania	2002	Not applicable	160.52215823	151
Romania	2001	Not applicable	135.69360246	151
Romania	2000	Not applicable	100	151
Romania	1999	Not applicable	69.582677834	151
Romania	1998	Not applicable	54.425580445	151
Romania	1997	Not applicable	36.668560706	151
Romania	1996	Not applicable	14.58777354	151
Romania	1995	Not applicable	10.697646673	151
Romania	1994	Not applicable	8.1134967464	151
Romania	1993	Not applicable	3.4345464619	151
Romania	1992	Not applicable	0.9844621401	151
Romania	1991	Not applicable	0.2924975836	14,151
Romania	1990	Not applicable	100	2,151
Romania	1989	Not applicable	96.705107084	151
Romania	1988	Not applicable	95.826468973	151
Romania	1987	Not applicable	95.002745744	151
Romania	1986	Not applicable	94.618341571	151
Romania	1985	Not applicable	94.508511807	151
Romania	1984	Not applicable	88.962108731	151
Romania	1983	Not applicable	88.028555739	151
Romania	1982	Not applicable	84.788577705	151
Romania	1981	Not applicable	63.316858869	151
Romania	1980	Not applicable	62.273476112	151
Romania	1979	Not applicable	59.857221307	151
Romania	1978	Not applicable	59.36298737	151
Romania	1977	Not applicable	58.81383855	151
Romania	1976	Not applicable	58.264689731	151
Romania	1975	Not applicable	57.935200439	151
Romania	1974	Not applicable	57.715540912	151
Romania	1973	Not applicable	56.727073037	151
Romania	1972	Not applicable	56.068094454	151
Romania	1971	Not applicable	55.738605162	151
Romania	1970	Not applicable	54.914881933	151
Romania	1969	Not applicable	54.310818232	151
Russian Federation	2008	Not applicable	274.55415398	
Russian Federation	2007	Not applicable	227.16398434	
Russian Federation	2006	Not applicable	208.40582862	
Russian Federation	2005	Not applicable	190.26750761	
Russian Federation	2004	Not applicable	167.43149195	
Russian Federation	2003	Not applicable	151.77250979	
Russian Federation	2002	Not applicable	136.48325359	
Russian Federation	2001	Not applicable	121.661592	2
Russian Federation	2000	Not applicable	100	
Russian Federation	1999	Not applicable	85.10146328	
Russian Federation	1998	Not applicable	43.27719492	2
Russian Federation	1997	Not applicable	34.003510294	
Russian Federation	1996	Not applicable	30.159635217	2
Russian Federation	1995	Not applicable	22.158822768	
Russian Federation	1994	Not applicable	7.0726595631	
Russian Federation	1993	Not applicable	1.7603559779	
Russian Federation	1992	Not applicable	0.1774578866	
Russian Federation	1991	Not applicable	0.0105030562	
Rwanda	2008	Kigali	215.2404223	
Rwanda	2007	Kigali	185.00426774	
Rwanda	2006	Kigali	171.50108953	
Rwanda	2005	Kigali	156.12677365	
Rwanda	2004	Kigali	141.68206757	
Rwanda	2003	Kigali	119.18074324	2
Rwanda	2002	Kigali	104.70861486	
Rwanda	2001	Kigali	106.02195946	
Rwanda	2000	Kigali	100	
Rwanda	1999	Kigali	99.113175676	
Rwanda	1998	Kigali	116.19932432	
Rwanda	1997	Kigali	106.73775338	152
Rwanda	1996	Kigali	86.121199324	
Rwanda	1995	Kigali	82.626689189	153
Rwanda	1993	Kigali	41.230996622	13
Rwanda	1992	Kigali	35.994510135	
Rwanda	1991	Kigali	33.627533784	
Rwanda	1990	Kigali	29.592483108	
Rwanda	1989	Kigali	28.169341216	
Rwanda	1988	Kigali	27.371199324	
Rwanda	1987	Kigali	25.242820946	
Rwanda	1986	Kigali	23.420608108	
Rwanda	1985	Kigali	25.808699324	
Rwanda	1984	Kigali	25.58910473	
Rwanda	1983	Kigali	23.538851351	
Rwanda	1982	Kigali	15.732685811	
Rwanda	1981	Kigali	15.998733108	
Saint Helena	2008	Not applicable	131.21530531	
Saint Helena	2007	Not applicable	117.22839017	
Saint Helena	2006	Not applicable	117.04996035	
Saint Helena	2005	Not applicable	112.73790642	
Saint Helena	2004	Not applicable	108.7628866	
Saint Helena	2003	Not applicable	102.7260111	
Saint Helena	2002	Not applicable	98.969072165	
Saint Helena	2001	Not applicable	102.53766852	
Saint Helena	2000	Not applicable	100	2
Saint Helena	1999	Not applicable	99.39052977	
Saint Helena	1998	Not applicable	98.171589311	
Saint Helena	1997	Not applicable	99.484294421	
Saint Helena	1996	Not applicable	99.859353024	
Saint Helena	1995	Not applicable	95.45241444	
Saint Helena	1994	Not applicable	91.795593061	
Saint Helena	1993	Not applicable	88.888888889	
Saint Helena	1992	Not applicable	84.106891702	2
Saint Helena	1991	Not applicable	80.771858478	
Saint Helena	1990	Not applicable	79.183850537	
Saint Helena	1989	Not applicable	76.29656337	
Saint Helena	1988	Not applicable	72.543090054	2
Saint Kitts and Nevis	2000	Saint Kitts	100	
Saint Kitts and Nevis	1999	Saint Kitts	97.697499008	
Saint Kitts and Nevis	1998	Saint Kitts	96.66534339	
Saint Kitts and Nevis	1997	Saint Kitts	93.05279873	
Saint Kitts and Nevis	1996	Saint Kitts	85.152838428	
Saint Kitts and Nevis	1995	Saint Kitts	82.016673283	
Saint Kitts and Nevis	1994	Saint Kitts	81.143310838	
Saint Kitts and Nevis	1993	Saint Kitts	78.404128622	
Saint Kitts and Nevis	1992	Saint Kitts	76.578007146	
Saint Kitts and Nevis	1991	Saint Kitts	73.124255657	
Saint Kitts and Nevis	1990	Saint Kitts	69.194124653	
Saint Kitts and Nevis	1989	Saint Kitts	67.526796348	
Saint Kitts and Nevis	1988	Saint Kitts	64.311234617	
Saint Kitts and Nevis	1987	Saint Kitts	64.311234617	
Saint Kitts and Nevis	1986	Saint Kitts	63.914251687	
Saint Kitts and Nevis	1985	Saint Kitts	63.834855101	
Saint Kitts and Nevis	1984	Saint Kitts	64.033346566	
Saint Kitts and Nevis	1983	Saint Kitts	62.246923382	
Saint Kitts and Nevis	1982	Saint Kitts	60.897181421	
Saint Kitts and Nevis	1981	Saint Kitts	58.713775308	
Saint Kitts and Nevis	1980	Saint Kitts	52.878126241	
Saint Kitts and Nevis	1979	Saint Kitts	46.288209607	
Saint Kitts and Nevis	1978	Saint Kitts	41.683207622	2
Saint Kitts and Nevis	1977	Saint Kitts	39.146768209	
Saint Kitts and Nevis	1976	Saint Kitts	32.287178945	
Saint Kitts and Nevis	1975	Saint Kitts	28.828659065	
Saint Kitts and Nevis	1974	Saint Kitts	26.484678814	
Saint Kitts and Nevis	1973	Saint Kitts	20.222574713	
Saint Kitts and Nevis	1972	Saint Kitts	17.2811093	
Saint Kitts and Nevis	1971	Saint Kitts	14.76477756	
Saint Kitts and Nevis	1970	Saint Kitts	14.569445873	
Saint Kitts and Nevis	1969	Saint Kitts	12.317386416	
Saint Lucia	2006	Not applicable	116.04938272	
Saint Lucia	2005	Not applicable	112.34567901	
Saint Lucia	2004	Not applicable	104.9382716	
Saint Lucia	2003	Not applicable	104.05643739	
Saint Lucia	2002	Not applicable	101.94003527	
Saint Lucia	2001	Not applicable	103.17460317	
Saint Lucia	2000	Not applicable	100	
Saint Lucia	1999	Not applicable	98.824221046	
Saint Lucia	1998	Not applicable	96.002351558	
Saint Lucia	1997	Not applicable	92.122281011	
Saint Lucia	1996	Not applicable	94.591416814	
Saint Lucia	1995	Not applicable	94.9441505	
Saint Lucia	1994	Not applicable	88.242210464	
Saint Lucia	1993	Not applicable	84.126984127	
Saint Lucia	1992	Not applicable	84.656084656	
Saint Lucia	1991	Not applicable	80.658436214	
Saint Lucia	1990	Not applicable	74.074074074	
Saint Lucia	1989	Not applicable	70.781893004	
Saint Lucia	1988	Not applicable	68.018812463	
Saint Lucia	1987	Not applicable	68.783068783	
Saint Lucia	1986	Not applicable	61.787184009	
Saint Lucia	1985	Not applicable	59.788359788	
Saint Lucia	1984	Not applicable	60.611405056	154
Saint Lucia	1983	Not applicable	58.911680345	
Saint Lucia	1982	Not applicable	58.66621501	
Saint Lucia	1981	Not applicable	49.225240596	
Saint Lucia	1980	Not applicable	47.86574028	
Saint Lucia	1979	Not applicable	40.78500947	
Saint Lucia	1978	Not applicable	37.272966988	
Saint Lucia	1977	Not applicable	33.675955736	
Saint Lucia	1976	Not applicable	31.164656542	
Saint Lucia	1975	Not applicable	28.341805192	
Saint Lucia	1974	Not applicable	24.197217424	
Saint Lucia	1973	Not applicable	17.220337332	
Saint Lucia	1972	Not applicable	14.529659624	
Saint Lucia	1971	Not applicable	13.358978796	
Saint Lucia	1970	Not applicable	11.952273609	
Saint Lucia	1969	Not applicable	10.913766423	
Saint Pierre and Miquelon	2005	Not applicable	109.70608941	155
Saint Pierre and Miquelon	2004	Not applicable	104.86624428	155
Saint Pierre and Miquelon	2003	Not applicable	106.67898627	155
Saint Pierre and Miquelon	2002	Not applicable	106.14220345	155
Saint Pierre and Miquelon	2001	Not applicable	103.50228793	155
Saint Pierre and Miquelon	2000	Not applicable	100	155
Saint Pierre and Miquelon	1999	Not applicable	94.517775431	155
Saint Pierre and Miquelon	1998	Not applicable	93.532206969	155
Saint Pierre and Miquelon	1997	Not applicable	91.270679338	14,155
Saint Pierre and Miquelon	1991	Not applicable	104.36504729	155
Saint Pierre and Miquelon	1990	Not applicable	100	155
Saint Pierre and Miquelon	1989	Not applicable	98.831945679	155
Saint Pierre and Miquelon	1988	Not applicable	90.33627031	155
Saint Pierre and Miquelon	1987	Not applicable	86.824023927	155
Saint Pierre and Miquelon	1986	Not applicable	85.963139601	155
Saint Pierre and Miquelon	1985	Not applicable	88.958047046	155
Saint Pierre and Miquelon	1984	Not applicable	82.014388489	155
Saint Pierre and Miquelon	1983	Not applicable	70.156010023	155
Saint Pierre and Miquelon	1982	Not applicable	60.577156253	155
Saint Pierre and Miquelon	1981	Not applicable	51.624767602	155
Saint Pierre and Miquelon	1980	Not applicable	43.836391561	20,155
Saint Vincent and the Grenadines	2008	St. Vincent	142.08755412	156
Saint Vincent and the Grenadines	2007	St. Vincent	123.87094353	156
Saint Vincent and the Grenadines	2006	St. Vincent	115.28483435	156
Saint Vincent and the Grenadines	2005	St. Vincent	111.31815234	156
Saint Vincent and the Grenadines	2004	St. Vincent	105.64429071	156
Saint Vincent and the Grenadines	2003	St. Vincent	100.92444122	156
Saint Vincent and the Grenadines	2002	St. Vincent	101.62739753	156
Saint Vincent and the Grenadines	2001	St. Vincent	101.02486355	2,156
Saint Vincent and the Grenadines	2000	St. Vincent	100	156
Saint Vincent and the Grenadines	1999	St. Vincent	101.09157065	156
Saint Vincent and the Grenadines	1998	St. Vincent	100.60642814	156
Saint Vincent and the Grenadines	1997	St. Vincent	103.21406913	156
Saint Vincent and the Grenadines	1996	St. Vincent	103.57792602	156
Saint Vincent and the Grenadines	1995	St. Vincent	97.14978775	156
Saint Vincent and the Grenadines	1994	St. Vincent	94.057004245	156
Saint Vincent and the Grenadines	1993	St. Vincent	93.996361431	156
Saint Vincent and the Grenadines	1992	St. Vincent	91.691934506	156
Saint Vincent and the Grenadines	1991	St. Vincent	88.417222559	156
Saint Vincent and the Grenadines	1990	St. Vincent	81.018799272	156
Saint Vincent and the Grenadines	1989	St. Vincent	75.015160703	156
Saint Vincent and the Grenadines	1988	St. Vincent	75.257731959	156
Saint Vincent and the Grenadines	1987	St. Vincent	74.833232262	156
Saint Vincent and the Grenadines	1986	St. Vincent	72.164948454	156
Saint Vincent and the Grenadines	1985	St. Vincent	71.134020619	156
Saint Vincent and the Grenadines	1984	St. Vincent	71.558520315	156
Saint Vincent and the Grenadines	1983	St. Vincent	70.588235294	156
Saint Vincent and the Grenadines	1982	St. Vincent	66.949666465	14,156
Saint Vincent and the Grenadines	1980	St. Vincent	100	156
Saint Vincent and the Grenadines	1979	St. Vincent	87.428571429	156
Saint Vincent and the Grenadines	1978	St. Vincent	77.89010989	156
Saint Vincent and the Grenadines	1977	St. Vincent	72.967032967	156
Saint Vincent and the Grenadines	1976	St. Vincent	66.021978022	156
Saint Vincent and the Grenadines	1975	St. Vincent	59.171428571	156
Saint Vincent and the Grenadines	1974	St. Vincent	51.789010989	156
Saint Vincent and the Grenadines	1973	St. Vincent	37.105494505	156
Saint Vincent and the Grenadines	1972	St. Vincent	30.56043956	156
Saint Vincent and the Grenadines	1971	St. Vincent	29.23956044	156
Saint Vincent and the Grenadines	1970	St. Vincent	28.127472527	156
Samoa	2008	Not applicable	187.4687139	
Samoa	2007	Not applicable	164.27368117	
Samoa	2006	Not applicable	152.5293608	
Samoa	2005	Not applicable	146.65720062	
Samoa	2004	Not applicable	146.2167886	2
Samoa	2003	Not applicable	115.09433962	
Samoa	2002	Not applicable	117.27904667	
Samoa	2001	Not applicable	105.06454816	
Samoa	2000	Not applicable	100	
Samoa	1999	Not applicable	100.09930487	2
Samoa	1998	Not applicable	101.08064449	
Samoa	1997	Not applicable	131.37986595	
Samoa	1996	Not applicable	118.08927338	
Samoa	1995	Not applicable	104.8541739	
Samoa	1994	Not applicable	104.63220158	
Samoa	1993	Not applicable	83.628070952	
Samoa	1992	Not applicable	83.98877597	
Samoa	1991	Not applicable	75.498334791	
Samoa	1990	Not applicable	82.212997423	
Samoa	1989	Not applicable	68.395220603	
Samoa	1988	Not applicable	66.425216277	
Samoa	1987	Not applicable	60.764922158	
Samoa	1986	Not applicable	59.433088248	
Samoa	1985	Not applicable	55.548572676	
Samoa	1984	Not applicable	50.581942052	
Samoa	1983	Not applicable	46.503200702	
Samoa	1982	Not applicable	40.398961946	
Samoa	1981	Not applicable	33.351340838	
Samoa	1981	Apia	100	15,157
Samoa	1980	Apia	82.123621441	15,157
Samoa	1980	Not applicable	27.746539798	
Samoa	1979	Apia	60.682226212	15,157
Samoa	1978	Apia	53.321364452	15,157
Samoa	1977	Apia	53.321364452	15,157
Samoa	1976	Apia	47.653244422	15,157
Samoa	1975	Apia	45.52449346	15,157
Samoa	1974	Apia	41.882533983	15,157
Samoa	1973	Apia	31.982559631	15,157,158
Samoa	1972	Apia	100	15,157
Samoa	1971	Apia	90.09009009	15,157
Samoa	1970	Apia	85.135135135	15,157
Samoa	1969	Apia	82.882882883	15,157
San Marino	2008	Not applicable	130.43602983	44
San Marino	2007	Not applicable	120.68273092	44
San Marino	2006	Not applicable	114.97418244	44
San Marino	2005	Not applicable	108.86402754	44
San Marino	2004	Not applicable	103.28934787	44
San Marino	2003	Not applicable	100	44,45
San Marino	2000	Not applicable	100	44
San Marino	1999	Not applicable	98.932384342	44
San Marino	1998	Not applicable	96.797153025	44
San Marino	1997	Not applicable	94.306049822	44
San Marino	1996	Not applicable	92.081850534	44
San Marino	1995	Not applicable	88.96797153	2,44
San Marino	1994	Not applicable	85.566936997	2,44
San Marino	1993	Not applicable	81.928627249	44
San Marino	1992	Not applicable	77.296239383	44
San Marino	1991	Not applicable	73.31023122	44
San Marino	1990	Not applicable	69.593547933	44
San Marino	1989	Not applicable	65.769134695	44
San Marino	1988	Not applicable	61.783126532	44
San Marino	1987	Not applicable	59.413067624	44
San Marino	1986	Not applicable	57.581658467	44
San Marino	1985	Not applicable	53.86497518	2,44
San Marino	1984	Not applicable	48.880192501	44
San Marino	1983	Not applicable	45.038977614	44
San Marino	1982	Not applicable	40.552673203	44
San Marino	1981	Not applicable	35.098734508	44
San Marino	1980	Not applicable	29.322251051	44
San Marino	1979	Not applicable	25.334424908	44
San Marino	1978	Not applicable	21.903721535	44
San Marino	1977	Not applicable	19.088785434	44
San Marino	1976	Not applicable	16.009949074	44
San Marino	1975	Not applicable	13.722813492	44
San Marino	1974	Not applicable	11.904833927	44
Saudi Arabia	2008	Not found  2	138.28255319	17,159
Saudi Arabia	2007	Not found  2	121.22434043	17,159
Saudi Arabia	2006	Not found  2	113.25038298	17,159
Saudi Arabia	2005	Not found  2	107.49702128	17,159
Saudi Arabia	2004	Not found  2	104.368	2,17,159
Saudi Arabia	2003	Not found  2	96.936170213	17,159
Saudi Arabia	2002	Not found  2	100	17,159
Saudi Arabia	2001	Not found  2	100.59574468	17,159
Saudi Arabia	2000	Not found  2	100	17,159
Saudi Arabia	1999	Not found  2	100.93617021	17,159
Saudi Arabia	1998	Not found  2	103.57446809	17,159
Saudi Arabia	1997	Not found  2	102.38297872	17,159
Saudi Arabia	1996	Not found  2	100.93617021	17,159
Saudi Arabia	1995	Not found  2	98.893617021	17,159
Saudi Arabia	1994	Not found  2	98.468085106	17,159
Saudi Arabia	1993	Not found  2	100	17,159
Saudi Arabia	1992	Not found  2	98.723404255	17,159
Saudi Arabia	1991	Not found  2	95.234042553	17,159
Saudi Arabia	1990	Not found  2	88.510638298	17,159
Saudi Arabia	1989	Not found  2	87.063829787	17,159
Saudi Arabia	1988	Not found  2	85.106382979	2,17,159
Saudi Arabia	1987	Not found  2	85.106382979	17,159
Saudi Arabia	1986	Not found  2	86.376627501	17,159
Saudi Arabia	1985	Not found  2	87.556140271	17,159
Saudi Arabia	1984	Not found  2	90.096629315	17,159
Saudi Arabia	1983	Not found  2	90.731751576	2,17,159
Saudi Arabia	1982	Not found  2	90.41450769	17,159
Saudi Arabia	1981	Not found  2	88.828288257	17,159
Saudi Arabia	1980	Not found  2	84.466184816	17,159
Saudi Arabia	1980	Not found  3	82.753292253	160
Saudi Arabia	1979	Not found  3	77.775650614	160
Saudi Arabia	1979	Not found  2	79.310971658	17,159
Saudi Arabia	1978	Not found  3	75.597932397	160
Saudi Arabia	1977	Not found  3	78.288969908	160
Saudi Arabia	1976	Not found  3	64.608232965	160
Saudi Arabia	1975	Not found  3	52.521896859	160
Saudi Arabia	1974	Not found  3	43.849911816	160
Saudi Arabia	1973	Not found  3	37.192316123	160
Saudi Arabia	1972	Not found  3	32.090233443	160
Saudi Arabia	1971	Not found  3	31.561359019	160
Saudi Arabia	1970	Not found  3	30.721381992	160
Senegal	2008	Dakar	136.40757927	17
Senegal	2007	Dakar	124.4199536	17
Senegal	2006	Dakar	116.00928074	17
Senegal	2005	Dakar	114.46249033	17
Senegal	2004	Dakar	110.26682135	17
Senegal	2003	Dakar	109.4354215	17
Senegal	2002	Dakar	110.10247486	17
Senegal	2001	Dakar	104.88205723	17
Senegal	2000	Dakar	100	17
Senegal	1999	Dakar	101.11175561	17
Senegal	1998	Dakar	100.83139985	17,144
Senegal	1997	Dakar	97.306951312	17
Senegal	1996	Dakar	96.674400619	17
Senegal	1995	Dakar	94.991041223	17
Senegal	1994	Dakar	86.853082919	17
Senegal	1993	Dakar	62.555390786	17
Senegal	1992	Dakar	63.755946183	17
Senegal	1991	Dakar	64.393660555	17
Senegal	1990	Dakar	66.470750484	17
Senegal	1989	Dakar	66.108002025	17
Senegal	1988	Dakar	65.578724915	17
Senegal	1987	Dakar	66.030546839	17
Senegal	1986	Dakar	71.516955911	17
Senegal	1985	Dakar	67.114919455	17
Senegal	1984	Dakar	61.499418404	17
Senegal	1983	Dakar	55.173911474	17
Senegal	1982	Dakar	49.532592027	17
Senegal	1981	Dakar	41.089976654	17
Senegal	1980	Dakar	40.780155907	17
Senegal	1979	Dakar	37.15267132	17
Senegal	1978	Dakar	34.712832932	17
Senegal	1977	Dakar	32.350449732	17
Senegal	1976	Dakar	29.420061827	17
Senegal	1975	Dakar	29.884792948	17
Senegal	1974	Dakar	21.325994795	17
Senegal	1973	Dakar	18.550517264	17
Senegal	1972	Dakar	15.942859305	17
Senegal	1971	Dakar	14.716485512	17
Senegal	1970	Dakar	14.01938883	17
Senegal	1969	Dakar	13.348110544	17
Serbia	2008	Not applicable	397.38764045	
Serbia	2007	Not applicable	328.65168539	
Serbia	2006	Not applicable	310.11235955	
Serbia	2005	Not applicable	280.8988764	
Serbia	2004	Not applicable	235.11235955	
Serbia	2003	Not applicable	211.51685393	
Serbia	2002	Not applicable	209.83146067	
Serbia	2001	Not applicable	191.85393258	
Serbia	2000	Not applicable	100	
Serbia	1999	Not applicable	53.93258427	
Serbia and Montenegro	1996	Not applicable	21.261034048	161
Serbia and Montenegro	1995	Not applicable	11.651954603	161
Serbia and Montenegro	1994	Not applicable	6.8852459016	14,161
Serbia and Montenegro	1992	Not applicable	19217	161
Serbia and Montenegro	1991	Not applicable	200	161
Serbia and Montenegro	1990	Not applicable	100	161
Seychelles	2008	Not applicable	173.8331643	
Seychelles	2007	Not applicable	125.56243931	2
Seychelles	2006	Not applicable	114.33114546	
Seychelles	2005	Not applicable	110.34528901	
Seychelles	2004	Not applicable	109.19148846	
Seychelles	2003	Not applicable	108.24746983	
Seychelles	2002	Not applicable	105.57275037	
Seychelles	2001	Not applicable	104.89095914	2
Seychelles	2000	Not applicable	100	
Seychelles	1999	Not applicable	98.560237137	
Seychelles	1998	Not applicable	99.513021385	
Seychelles	1997	Not applicable	97.078128308	
Seychelles	1996	Not applicable	94.960829981	
Seychelles	1995	Not applicable	97.819182723	
Seychelles	1994	Not applicable	98.242642388	
Seychelles	1993	Not applicable	105.75905145	
Seychelles	1992	Not applicable	102.90069871	
Seychelles	1991	Not applicable	101.10099513	
Seychelles	1990	Not applicable	98.666102054	
Seychelles	1989	Not applicable	94.11391065	
Seychelles	1988	Not applicable	92.420071988	
Seychelles	1987	Not applicable	90.832098243	2
Seychelles	1986	Not applicable	87.876795525	
Seychelles	1985	Not applicable	87.61603352	2
Seychelles	1984	Not applicable	87.013032601	
Seychelles	1983	Not applicable	83.817127731	
Seychelles	1982	Not applicable	78.209219185	
Seychelles	1981	Not applicable	77.063517439	
Seychelles	1980	Not applicable	72.902811098	
Seychelles	1979	Not applicable	63.556296855	
Seychelles	1978	Not applicable	60.903092812	
Seychelles	1978	Victoria	100	48
Seychelles	1977	Victoria	91.133924405	48
Seychelles	1977	Not applicable	55.476084541	
Seychelles	1976	Victoria	80.074661689	48
Seychelles	1975	Victoria	68.595426972	48
Seychelles	1974	Victoria	56.182921139	2,48
Seychelles	1973	Victoria	44.53246424	48
Seychelles	1972	Victoria	36.032593453	48
Seychelles	1971	Victoria	28.022628763	48
Seychelles	1970	Victoria	23.662464497	48
Sierra Leone	2008	Not applicable	186.38	44
Sierra Leone	2007	Not applicable	159.27	44
Sierra Leone	2006	Not applicable	140.95	44
Sierra Leone	2005	Not applicable	137.64	44
Sierra Leone	2004	Not applicable	120.05	44
Sierra Leone	2003	Not applicable	100	44
Sierra Leone	2002	Freetown	104.41219908	
Sierra Leone	2001	Freetown	105.2060257	
Sierra Leone	2000	Freetown	100	
Sierra Leone	1999	Freetown	100.3507606	
Sierra Leone	1998	Freetown	74.782159208	
Sierra Leone	1997	Freetown	56.756756757	
Sierra Leone	1996	Freetown	53.130999852	
Sierra Leone	1995	Freetown	43.405700783	
Sierra Leone	1994	Freetown	32.572736671	
Sierra Leone	1993	Freetown	24.228326687	2
Sierra Leone	1992	Freetown	36.92216807	
Sierra Leone	1991	Freetown	25.994015809	
Sierra Leone	1990	Freetown	14.011443821	
Sierra Leone	1989	Freetown	6.5615765759	
Sierra Leone	1988	Freetown	3.9509770747	
Sierra Leone	1987	Freetown	2.9478862585	
Sierra Leone	1986	Freetown	1.0624532854	
Sierra Leone	1985	Freetown	0.5985920069	
Sierra Leone	1984	Freetown	0.3327487173	
Sierra Leone	1983	Freetown	0.2178872452	
Sierra Leone	1982	Freetown	0.1316031602	
Sierra Leone	1981	Freetown	0.1010633775	
Sierra Leone	1980	Freetown	0.0813167709	
Sierra Leone	1979	Freetown	0.0711981682	
Sierra Leone	1978	Freetown	0.061324865	
Sierra Leone	1977	Freetown	0.0566641752	
Sierra Leone	1976	Freetown	0.0528007087	
Sierra Leone	1975	Freetown	0.0450124509	
Sierra Leone	1974	Freetown	0.0365496195	
Sierra Leone	1973	Freetown	0.0307850822	
Sierra Leone	1972	Freetown	0.0282707627	
Sierra Leone	1971	Freetown	0.0260017427	
Sierra Leone	1970	Freetown	0.0270442654	
Sierra Leone	1969	Freetown	0.0239780222	
Singapore	2008	Not applicable	117.81860756	
Singapore	2007	Not applicable	109.3513632	
Singapore	2006	Not applicable	106.15033179	
Singapore	2005	Not applicable	104.60144563	
Singapore	2004	Not applicable	103.15581854	2
Singapore	2003	Not applicable	101.08481262	
Singapore	2002	Not applicable	100.49309665	
Singapore	2001	Not applicable	100.49309665	
Singapore	2000	Not applicable	100	
Singapore	1999	Not applicable	99.408284024	
Singapore	1998	Not applicable	98.520710059	2
Singapore	1997	Not applicable	98.343035199	
Singapore	1996	Not applicable	96.388611735	
Singapore	1995	Not applicable	94.345350841	
Singapore	1994	Not applicable	92.302089947	
Singapore	1993	Not applicable	89.103942461	2
Singapore	1992	Not applicable	88.34953467	
Singapore	1991	Not applicable	87.176011439	
Singapore	1990	Not applicable	85.91866512	
Singapore	1989	Not applicable	85.248080417	
Singapore	1988	Not applicable	83.990734098	2
Singapore	1987	Not applicable	82.903204672	
Singapore	1986	Not applicable	83.070516892	
Singapore	1985	Not applicable	84.241702427	
Singapore	1984	Not applicable	85.245575743	
Singapore	1983	Not applicable	83.990734098	
Singapore	1982	Not applicable	83.739765769	
Singapore	1981	Not applicable	79.724272505	
Singapore	1980	Not applicable	72.780815404	
Singapore	1979	Not applicable	67.594136605	
Singapore	1978	Not applicable	65.753702192	
Singapore	1977	Not applicable	62.072833367	
Singapore	1976	Not applicable	59.144869529	
Singapore	1975	Not applicable	62.993050573	
Singapore	1974	Not applicable	62.323801696	
Singapore	1973	Not applicable	49.608073028	
Singapore	1972	Not applicable	37.143312689	
Singapore	1971	Not applicable	36.223095482	
Singapore	1970	Not applicable	35.470190496	
Slovakia	2008	Not applicable	130.31116544	151
Slovakia	2007	Not applicable	120.98125509	151
Slovakia	2006	Not applicable	116.36756316	151
Slovakia	2005	Not applicable	114.72713936	151
Slovakia	2004	Not applicable	116.36756316	151
Slovakia	2003	Not applicable	111.03618582	151
Slovakia	2002	Not applicable	107.34523227	151
Slovakia	2001	Not applicable	105.80733496	2,151
Slovakia	2000	Not applicable	100	151
Slovakia	1999	Not applicable	94.947025265	151
Slovakia	1998	Not applicable	92.50203749	151
Slovakia	1997	Not applicable	87.367563162	151
Slovakia	1996	Not applicable	82.640586797	151
Slovakia	1995	Not applicable	79.380603097	151
Slovakia	1994	Not applicable	70.578647107	151
Slovakia	1993	Not applicable	60.228198859	151
Slovakia	1992	Not applicable	49.959250204	151
Slovakia	1991	Not applicable	46.454767726	14,151
Slovakia	1990	Not applicable	100	151
Slovakia	1989	Not applicable	90.055248619	151
Slovakia	1988	Not applicable	89.976322021	151
Slovakia	1987	Not applicable	90.134175217	151
Slovakia	1986	Not applicable	89.976322021	151
Slovakia	1985	Not applicable	89.581689029	151
Slovenia	2008	Not applicable	150.77145347	28
Slovenia	2007	Not applicable	136.99714851	28
Slovenia	2006	Not applicable	127.12639208	28
Slovenia	2005	Not applicable	124.31683168	2,28
Slovenia	2004	Not applicable	124.23762376	28
Slovenia	2003	Not applicable	123.08910891	28
Slovenia	2002	Not applicable	117.46534653	28
Slovenia	2001	Not applicable	109.02970297	28
Slovenia	2000	Not applicable	100	28
Slovenia	1999	Not applicable	94.811881188	28
Slovenia	1998	Not applicable	91.168316832	28
Slovenia	1997	Not applicable	84.03960396	28
Slovenia	1996	Not applicable	77.504950495	28
Slovenia	1995	Not applicable	70.851485149	28
Slovenia	1994	Not applicable	61.267326733	28
Slovenia	1993	Not applicable	49.782178218	28
Slovenia	1992	Not applicable	39.603960396	28
Slovenia	1991	Not applicable	12.95049505	28
Slovenia	1990	Not applicable	6.099009901	14,28
Slovenia	1989	Not applicable	16.210082827	28
Slovenia	1988	Not applicable	1.1555522482	28
Slovenia	1987	Not applicable	0.3712022989	28
Slovenia	1986	Not applicable	0.1707450535	28
Slovenia	1985	Not applicable	0.086497415	28
Slovenia	1984	Not applicable	0.048240399	28
Slovenia	1983	Not applicable	0.0317997249	28
Slovenia	1982	Not applicable	0.0219785854	28
Slovenia	1981	Not applicable	0.016159452	28
Slovenia	1980	Not applicable	0.010816233	28
Solomon Islands	2008	Honiara	208.6954785	
Solomon Islands	2007	Honiara	168.11051318	2
Solomon Islands	2006	Honiara	156.68053629	
Solomon Islands	2005	Honiara	145.13638465	
Solomon Islands	2004	Honiara	136.80073971	
Solomon Islands	2003	Honiara	124.98844198	
Solomon Islands	2002	Honiara	122.05270458	
Solomon Islands	2001	Honiara	108.92279242	
Solomon Islands	2000	Honiara	100	
Solomon Islands	1999	Honiara	93.106796117	
Solomon Islands	1998	Honiara	83.726306056	
Solomon Islands	1997	Honiara	74.202496533	
Solomon Islands	1996	Honiara	66.805362922	
Solomon Islands	1995	Honiara	59.084604716	
Solomon Islands	1994	Honiara	54.92371706	
Solomon Islands	1993	Honiara	49.237170596	2
Solomon Islands	1992	Honiara	47.060330533	
Solomon Islands	1991	Honiara	42.227007679	
Solomon Islands	1990	Honiara	36.157682416	
Solomon Islands	1989	Honiara	33.353617249	
Solomon Islands	1988	Honiara	28.354264221	
Solomon Islands	1987	Honiara	23.502493571	
Solomon Islands	1986	Honiara	21.768400638	
Solomon Islands	1985	Honiara	19.55466498	2
Solomon Islands	1984	Honiara	18.373063947	
Solomon Islands	1983	Honiara	15.993219614	
Solomon Islands	1982	Honiara	15.003004664	
Solomon Islands	1981	Honiara	13.297172187	
Solomon Islands	1980	Honiara	11.125356204	
Solomon Islands	1979	Honiara	9.6525154796	
Solomon Islands	1978	Honiara	8.8536866123	2
Solomon Islands	1977	Honiara	7.9361393995	
Solomon Islands	1976	Honiara	7.4330214111	
Solomon Islands	1975	Honiara	7.2930233622	
Solomon Islands	1974	Honiara	6.5755333614	
Solomon Islands	1973	Honiara	5.2236772012	
Solomon Islands	1972	Honiara	5.039929762	
Solomon Islands	1971	Honiara	4.6330604323	
Somalia	1987	Mogadishu	100	136
Somalia	1986	Mogadishu	76.601326675	136
Somalia	1985	Mogadishu	62.060569924	136
Somalia	1984	Mogadishu	54.776775732	136
Somalia	1983	Mogadishu	25.470174654	136
Somalia	1982	Mogadishu	18.130232789	136
Somalia	1981	Mogadishu	17.057961293	136
Somalia	1980	Mogadishu	12.140319495	136
Somalia	1979	Mogadishu	6.8738664878	136
Somalia	1978	Mogadishu	5.615264217	2,136
Somalia	1977	Mogadishu	4.9190371722	136
Somalia	1976	Mogadishu	4.3469915983	136
Somalia	1975	Mogadishu	3.6729550569	136
Somalia	1974	Mogadishu	3.04116582	136
Somalia	1973	Mogadishu	2.5489207104	136
Somalia	1972	Mogadishu	2.3026914705	136
Somalia	1971	Mogadishu	2.3611549123	136
Somalia	1970	Mogadishu	2.3769443089	136
Somalia	1969	Mogadishu	2.3208279397	136
South Africa	2008	Not applicable	190	3
South Africa	2007	Not applicable	163.1	3
South Africa	2006	Not applicable	147.8	3
South Africa	2005	Not applicable	137.9	3
South Africa	2004	Not applicable	134.9	3
South Africa	2003	Not applicable	131.9	3
South Africa	2002	Not applicable	122	3
South Africa	2001	Not applicable	105.4	3
South Africa	2000	Not applicable	100	2,3
South Africa	1999	Not applicable	92.774628686	3
South Africa	1998	Not applicable	88.469541508	3
South Africa	1997	Not applicable	83.303436895	3
South Africa	1996	Not applicable	76.128291598	3
South Africa	1995	Not applicable	71.751452967	3
South Africa	1994	Not applicable	66.01133673	3
South Africa	1993	Not applicable	58.04692545	3
South Africa	1992	Not applicable	54.315849896	3
South Africa	1991	Not applicable	43.409629045	3
South Africa	1990	Not applicable	36.234483748	2,3
South Africa	1989	Not applicable	31.234124991	3
South Africa	1988	Not applicable	28.154193872	3
South Africa	1987	Not applicable	24.313338595	3
South Africa	1986	Not applicable	19.82026261	3
South Africa	1985	Not applicable	16.450455622	3
South Africa	1984	Not applicable	14.711200402	3
South Africa	1983	Not applicable	13.261821052	3
South Africa	1982	Not applicable	11.848676186	3
South Africa	1981	Not applicable	10.652938222	3
South Africa	1980	Not applicable	8.7325105833	3
South Africa	1979	Not applicable	7.3556002009	3
South Africa	1978	Not applicable	6.341034656	3
South Africa	1977	Not applicable	5.616344981	3
South Africa	1976	Not applicable	5.1090622085	3
South Africa	1975	Not applicable	4.746717371	3
South Africa	1974	Not applicable	4.1307311473	3
South Africa	1973	Not applicable	3.5872138911	3
South Africa	1972	Not applicable	3.1161656024	3
South Africa	1971	Not applicable	2.8987586999	3
South Africa	1970	Not applicable	2.7900552486	3
Spain	2008	Not applicable	133.426612	162
Spain	2007	Not applicable	126.0272568	162
Spain	2006	Not applicable	121.54	2,162
Spain	2005	Not applicable	116.34	162
Spain	2004	Not applicable	113.16	162
Spain	2003	Not applicable	108.95	162
Spain	2002	Not applicable	104.66	162
Spain	2001	Not applicable	100	11,162
Spain	2000	Not applicable	100	162
Spain	1999	Not applicable	98.009950249	162
Spain	1998	Not applicable	96.766169154	162
Spain	1997	Not applicable	95.688225539	162
Spain	1996	Not applicable	96.351575456	162
Spain	1995	Not applicable	93.20066335	162
Spain	1994	Not applicable	88.888888889	162
Spain	1993	Not applicable	84.328358209	162,163
Spain	1992	Not applicable	80.729996812	162
Spain	1991	Not applicable	77.870351149	162
Spain	1990	Not applicable	75.230678228	162
Spain	1989	Not applicable	70.655245166	162
Spain	1988	Not applicable	65.595872069	162
Spain	1987	Not applicable	63.26416099	162
Spain	1986	Not applicable	60.228537131	162
Spain	1985	Not applicable	54.465251255	2,162
Spain	1984	Not applicable	49.712426048	162
Spain	1983	Not applicable	44.160084325	162
Spain	1982	Not applicable	39.900989898	162
Spain	1981	Not applicable	34.693514121	162
Spain	1980	Not applicable	30.537879477	162
Spain	1979	Not applicable	27.98587148	162
Spain	1978	Not applicable	25.399376888	162
Spain	1977	Not applicable	21.312715434	162
Spain	1976	Not applicable	17.243297277	162
Spain	1975	Not applicable	14.518856307	162
Spain	1974	Not applicable	12.415174039	162
Spain	1973	Not applicable	10.570141231	162
Spain	1972	Not applicable	9.6390031776	162
Spain	1971	Not applicable	8.8285682056	162
Spain	1970	Not applicable	8.1905662064	162
Spain	1969	Not applicable	7.8974301527	162
Sri Lanka	2008	Colombo	213.3	140
Sri Lanka	2007	Colombo	163.4	140,164
Sri Lanka	2006	Colombo	184.62603878	140
Sri Lanka	2005	Colombo	163.03004475	140
Sri Lanka	2004	Colombo	145.47197954	140
Sri Lanka	2003	Colombo	134.89594431	140
Sri Lanka	2002	Colombo	127.4912991	140
Sri Lanka	2001	Colombo	115.23190568	140
Sri Lanka	2000	Colombo	100	140
Sri Lanka	1999	Colombo	95.724128134	140
Sri Lanka	1998	Colombo	92.055543718	140
Sri Lanka	1997	Colombo	82.992400028	140
Sri Lanka	1996	Colombo	74.849065985	140
Sri Lanka	1995	Colombo	62.792101712	140
Sri Lanka	1994	Colombo	58.743518716	140
Sri Lanka	1993	Colombo	53.959798281	140
Sri Lanka	1992	Colombo	48.51196818	140
Sri Lanka	1991	Colombo	43.337595	140
Sri Lanka	1990	Colombo	38.74209816	140
Sri Lanka	1989	Colombo	31.415583493	140
Sri Lanka	1988	Colombo	28.482136515	140
Sri Lanka	1987	Colombo	24.753178493	140
Sri Lanka	1986	Colombo	22.778606435	140
Sri Lanka	1985	Colombo	21.25150934	140
Sri Lanka	1984	Colombo	21.237303786	140
Sri Lanka	1983	Colombo	17.979615029	140
Sri Lanka	1982	Colombo	15.995454223	140
Sri Lanka	1981	Colombo	14.191348817	140
Sri Lanka	1980	Colombo	12.06406705	140
Sri Lanka	1979	Colombo	9.3508061652	140
Sri Lanka	1978	Colombo	8.4345479082	140
Sri Lanka	1977	Colombo	7.2199730094	140
Sri Lanka	1976	Colombo	7.1773563463	140
Sri Lanka	1975	Colombo	7.2554868954	140
Sri Lanka	1974	Colombo	6.7369841608	140
Sri Lanka	1973	Colombo	5.9024078415	140
Sri Lanka	1972	Colombo	5.2382981746	140
Sri Lanka	1971	Colombo	4.9399815328	140
Sri Lanka	1970	Colombo	4.851196818	140
Sri Lanka	1969	Colombo	4.5422260104	140
Sudan	1992	Not applicable	457.31047542	1,17,50
Sudan	1991	Not applicable	236.12294583	1,17,50
Sudan	1990	Not applicable	100	1,17,50
Sudan	1989	Not applicable	59.146547643	1,17,50
Sudan	1988	Not applicable	33.813484818	1,2,17,50
Sudan	1987	Not applicable	20.744358135	1,17,50
Sudan	1986	Not applicable	16.911954697	1,17,50
Sudan	1985	Not applicable	12.861732481	1,17,50
Sudan	1984	Not applicable	8.7517061177	1,17,50
Sudan	1983	Not applicable	6.4873784174	1,17,50
Sudan	1982	Not applicable	4.799145722	1,17,50
Sudan	1981	Not applicable	3.8318547756	1,17,50
Sudan	1980	Not applicable	3.053852188	1,17,50
Sudan	1979	Not applicable	2.4014931777	1,17,50
Sudan	1978	Not applicable	1.8221062013	1,17,50
Sudan	1977	Not applicable	1.4413348361	1,17,50
Sudan	1976	Not applicable	1.2130914818	1,17,50
Sudan	1975	Not applicable	1.2355866201	1,17,50
Sudan	1974	Not applicable	0.9639989749	1,17,50
Sudan	1973	Not applicable	0.7681266732	1,17,50
Sudan	1972	Not applicable	0.6600402771	1,17,50
Sudan	1971	Not applicable	0.5980414813	1,17,50
Sudan	1970	Not applicable	0.6029794385	1,17,50
Suriname	2008	Paramaribo	246.79358717	9
Suriname	2007	Paramaribo	197.99599198	9
Suriname	2006	Paramaribo	182.66533066	9
Suriname	2005	Paramaribo	174.24849699	9
Suriname	2004	Paramaribo	157.79559118	9,60
Suriname	2002	Paramaribo	118.13627255	9
Suriname	2001	Paramaribo	100	2,9
Suriname	2000	Paramaribo	80.455195527	9,153
Suriname	1999	Paramaribo	48.55019369	9
Suriname	1998	Paramaribo	25.479417193	9
Suriname	1997	Paramaribo	22.280150798	9
Suriname	1996	Paramaribo	22.45973793	9
Suriname	1995	Paramaribo	24.239326858	9
Suriname	1994	Paramaribo	7.3080712605	9
Suriname	1993	Paramaribo	1.4994227442	9
Suriname	1992	Paramaribo	0.5681850962	9
Suriname	1991	Paramaribo	0.3668026311	9
Suriname	1990	Paramaribo	0.309077051	9
Suriname	1989	Paramaribo	0.2380178555	9
Suriname	1988	Paramaribo	0.2343318801	9
Suriname	1987	Paramaribo	0.2240432009	9
Suriname	1986	Paramaribo	0.1249064884	9
Suriname	1985	Paramaribo	0.0994572321	9
Suriname	1984	Paramaribo	0.0905467872	9
Suriname	1983	Paramaribo	0.0892647088	9
Suriname	1982	Paramaribo	0.0854280892	9
Suriname	1981	Paramaribo	0.0827261089	9
Suriname	1980	Paramaribo	0.0764663611	9
Suriname	1979	Paramaribo	0.0686905556	9
Suriname	1978	Paramaribo	0.061353862	9
Suriname	1977	Paramaribo	0.0589435546	9
Suriname	1976	Paramaribo	0.0553473247	9
Suriname	1975	Paramaribo	0.0507446632	9
Suriname	1974	Paramaribo	0.0476356231	9
Suriname	1973	Paramaribo	0.0411066388	9
Suriname	1972	Paramaribo	0.0336673789	9
Suriname	1971	Paramaribo	0.0327763344	9
Suriname	1970	Paramaribo	0.0334301944	9
Swaziland	2008	Not applicable	271.45754455	
Swaziland	2007	Not applicable	228.30743864	
Swaziland	2006	Not applicable	194.06132285	2
Swaziland	2005	Not applicable	169.17581204	
Swaziland	2004	Not applicable	155.67503867	
Swaziland	2003	Not applicable	145.69492524	
Swaziland	2002	Not applicable	129.80039773	
Swaziland	2001	Not applicable	106.51101127	
Swaziland	2000	Not applicable	100	
Swaziland	1999	Not applicable	93.717316049	
Swaziland	1998	Not applicable	89.305443029	
Swaziland	1997	Not applicable	85.814244679	
Swaziland	1996	Not applicable	76.59276718	2
Swaziland	1995	Not applicable	69.240311474	
Swaziland	1994	Not applicable	57.488081126	
Swaziland	1993	Not applicable	48.079458039	
Swaziland	1992	Not applicable	42.390094959	
Swaziland	1991	Not applicable	37.950129689	
Swaziland	1991	Mbabane-Manzini	38.044633404	50
Swaziland	1990	Mbabane-Manzini	33.366375436	50
Swaziland	1990	Not applicable	33.497012863	
Swaziland	1989	Not applicable	28.749301186	
Swaziland	1989	Mbabane-Manzini	28.436011345	2,50
Swaziland	1988	Mbabane-Manzini	25.878235872	50
Swaziland	1987	Mbabane-Manzini	22.922988357	50
Swaziland	1986	Mbabane-Manzini	19.861122292	50
Swaziland	1985	Mbabane-Manzini	17.769758417	50
Swaziland	1984	Mbabane-Manzini	15.749473575	50
Swaziland	1983	Mbabane-Manzini	13.761994441	50
Swaziland	1982	Mbabane-Manzini	12.291205206	50
Swaziland	1981	Mbabane-Manzini	11.257825409	50
Swaziland	1980	Mbabane-Manzini	9.0407063205	50
Swaziland	1979	Mbabane-Manzini	7.247327625	50
Swaziland	1978	Mbabane-Manzini	6.386177794	50
Swaziland	1977	Mbabane-Manzini	5.8940921763	50
Swaziland	1976	Mbabane-Manzini	4.9645971207	50
Swaziland	1975	Mbabane-Manzini	4.6994176489	50
Swaziland	1974	Mbabane-Manzini	4.2045982223	50
Swaziland	1973	Mbabane-Manzini	3.5074769305	50
Swaziland	1972	Mbabane-Manzini	3.0345279758	50
Swaziland	1971	Mbabane-Manzini	2.990787032	50
Swaziland	1970	Mbabane-Manzini	2.9224418073	50
Swaziland	1969	Mbabane-Manzini	2.8622980096	50
Sweden	2008	Not applicable	115.80228339	
Sweden	2007	Not applicable	108.31489512	
Sweden	2006	Not applicable	106.16426232	
Sweden	2005	Not applicable	105.36330649	
Sweden	2004	Not applicable	106.08903443	
Sweden	2003	Not applicable	106.55367732	
Sweden	2002	Not applicable	106.2129392	
Sweden	2001	Not applicable	102.87193557	
Sweden	2000	Not applicable	100	
Sweden	1999	Not applicable	99.99557483	
Sweden	1998	Not applicable	98.544118949	
Sweden	1997	Not applicable	97.437826356	
Sweden	1996	Not applicable	97.070537216	
Sweden	1995	Not applicable	104.32339145	
Sweden	1994	Not applicable	102.85423489	
Sweden	1993	Not applicable	101.11514293	
Sweden	1992	Not applicable	100.40711567	
Sweden	1991	Not applicable	105.85007523	
Sweden	1990	Not applicable	101.24789804	
Sweden	1989	Not applicable	94.433135676	
Sweden	1988	Not applicable	89.299938048	
Sweden	1987	Not applicable	84.65350916	
Sweden	1986	Not applicable	82.13116205	
Sweden	1985	Not applicable	76.643950792	
Sweden	1984	Not applicable	71.333746349	
Sweden	1983	Not applicable	63.899460129	
Sweden	1982	Not applicable	57.217452872	
Sweden	1981	Not applicable	50.889459244	
Sweden	1980	Not applicable	44.251703691	2
Sweden	1979	Not applicable	39.684826453	
Sweden	1978	Not applicable	37.667794237	
Sweden	1977	Not applicable	34.389332413	
Sweden	1976	Not applicable	30.008845521	
Sweden	1975	Not applicable	26.586041006	
Sweden	1974	Not applicable	23.780144603	
Sweden	1973	Not applicable	22.401358113	
Sweden	1972	Not applicable	21.177583121	
Sweden	1971	Not applicable	19.414719557	
Sweden	1970	Not applicable	17.779254106	
Sweden	1969	Not applicable	16.389798808	
Switzerland	2008	Not applicable	109.27083333	94
Switzerland	2007	Not applicable	106.04166667	94
Switzerland	2006	Not applicable	105.41666667	94
Switzerland	2005	Not applicable	105.52083333	94
Switzerland	2004	Not applicable	106.25	94
Switzerland	2003	Not applicable	105.72916667	94
Switzerland	2002	Not applicable	104.375	94
Switzerland	2001	Not applicable	102.08333333	94
Switzerland	2000	Not applicable	100	94,165
Switzerland	1999	Not applicable	98.489250436	94
Switzerland	1998	Not applicable	98.586093357	94
Switzerland	1997	Not applicable	97.71450707	94
Switzerland	1996	Not applicable	97.036606624	94
Switzerland	1995	Not applicable	97.617664149	94
Switzerland	1994	Not applicable	97.036606624	94
Switzerland	1993	Not applicable	96.55239202	94
Switzerland	1992	Not applicable	96.649234941	94
Switzerland	1991	Not applicable	96.649234941	94
Switzerland	1990	Not applicable	92.581832268	14,94
Switzerland	1989	Not applicable	94.840074876	94
Switzerland	1988	Not applicable	93.236754293	94
Switzerland	1987	Not applicable	91.006755107	94
Switzerland	1986	Not applicable	90.030113128	94
Switzerland	1985	Not applicable	88.82558802	94
Switzerland	1984	Not applicable	86.229348091	94
Switzerland	1983	Not applicable	83.079677708	2,94
Switzerland	1982	Not applicable	81.350782519	94
Switzerland	1981	Not applicable	76.183746111	94
Switzerland	1980	Not applicable	68.913846049	94
Switzerland	1979	Not applicable	64.467791465	94
Switzerland	1978	Not applicable	62.184682354	2,94
Switzerland	1977	Not applicable	59.806754782	94
Switzerland	1976	Not applicable	59.020857872	94
Switzerland	1975	Not applicable	59.885344472	94
Switzerland	1974	Not applicable	56.427398072	94
Switzerland	1973	Not applicable	50.926119709	94
Switzerland	1972	Not applicable	48.018301145	94
Switzerland	1971	Not applicable	45.110482582	94
Switzerland	1970	Not applicable	42.3598434	94
Switzerland	1969	Not applicable	41.338177418	94
Syrian Arab Republic	2008	Not applicable	181.7655	
Syrian Arab Republic	2007	Not applicable	150.58925	
Syrian Arab Republic	2006	Not applicable	138.082	2
Syrian Arab Republic	2005	Not applicable	122.5	
Syrian Arab Republic	2004	Not applicable	112.8	
Syrian Arab Republic	2003	Not applicable	107.2	2
Syrian Arab Republic	2002	Not applicable	99.622641509	
Syrian Arab Republic	2001	Not applicable	100.18867925	
Syrian Arab Republic	2000	Not applicable	100	
Syrian Arab Republic	1999	Not applicable	102.0754717	
Syrian Arab Republic	1998	Not applicable	106.28930818	
Syrian Arab Republic	1997	Not applicable	108.80503145	
Syrian Arab Republic	1996	Not applicable	106.28930818	
Syrian Arab Republic	1995	Not applicable	97.48427673	
Syrian Arab Republic	1994	Not applicable	91.194968553	
Syrian Arab Republic	1993	Not applicable	79.874213836	
Syrian Arab Republic	1992	Not applicable	71.06918239	
Syrian Arab Republic	1991	Not applicable	66.666666667	
Syrian Arab Republic	1990	Not applicable	62.893081761	
Syrian Arab Republic	1989	Not applicable	52.830188679	
Syrian Arab Republic	1989	Damas	52.076943219	
Syrian Arab Republic	1988	Damas	48.013826282	
Syrian Arab Republic	1988	Not applicable	47.169811321	
Syrian Arab Republic	1987	Not applicable	35.849056604	
Syrian Arab Republic	1987	Damas	34.5232158	
Syrian Arab Republic	1986	Damas	21.085717958	
Syrian Arab Republic	1985	Damas	14.871539114	
Syrian Arab Republic	1984	Damas	12.508026648	
Syrian Arab Republic	1983	Damas	11.737893372	
Syrian Arab Republic	1982	Damas	11.259879615	
Syrian Arab Republic	1981	Damas	9.8258383432	
Syrian Arab Republic	1980	Damas	8.2324591524	
Syrian Arab Republic	1979	Damas	6.9046431601	
Syrian Arab Republic	1978	Damas	6.5328546822	
Syrian Arab Republic	1977	Damas	6.2141788441	
Syrian Arab Republic	1976	Damas	5.4971582082	
Syrian Arab Republic	1975	Damas	4.9394754914	
Syrian Arab Republic	1974	Damas	4.1693422159	2
Syrian Arab Republic	1973	Damas	3.623616795	
Syrian Arab Republic	1972	Damas	2.9687462898	
Syrian Arab Republic	1971	Damas	2.9687462898	
Syrian Arab Republic	1970	Damas	2.8596012057	
Syrian Arab Republic	1969	Damas	2.7504561215	
Tajikistan	1997	Not applicable	7172.001	1,166
Tajikistan	1996	Not applicable	4065.76	1,166
Tajikistan	1995	Not applicable	1066.009	1,166
Tajikistan	1994	Not applicable	189.918	1,166
Tajikistan	1993	Not applicable	75.096	1,166
Tajikistan	1992	Not applicable	2.477	1,166
Tajikistan	1991	Not applicable	0.189	1,166
Tajikistan	1990	Not applicable	0.1	1,166
Tanzania (Tanganyika)	2008	Not applicable	172.24802938	
Tanzania (Tanganyika)	2007	Not applicable	152.85723326	
Tanzania (Tanganyika)	2006	Not applicable	142.8524076	
Tanzania (Tanganyika)	2005	Not applicable	133.46643714	
Tanzania (Tanganyika)	2004	Not applicable	127.48417025	
Tanzania (Tanganyika)	2003	Not applicable	117.78877219	
Tanzania (Tanganyika)	2002	Not applicable	110.46565237	2
Tanzania (Tanganyika)	2001	Not applicable	106.0857538	
Tanzania (Tanganyika)	2000	Not applicable	100	
Tanzania (Tanganyika)	1999	Not applicable	93.637621024	
Tanzania (Tanganyika)	1998	Not applicable	86.076532964	
Tanzania (Tanganyika)	1997	Not applicable	75.057630244	
Tanzania (Tanganyika)	1996	Not applicable	63.900414938	
Tanzania (Tanganyika)	1995	Not applicable	53.065929	
Tanzania (Tanganyika)	1994	Not applicable	39.787920701	
Tanzania (Tanganyika)	1993	Not applicable	30.059935454	
Tanzania (Tanganyika)	1992	Not applicable	24.481327801	
Tanzania (Tanganyika)	1991	Not applicable	20.193637621	
Tanzania (Tanganyika)	1990	Not applicable	15.3065929	
Tanzania (Tanganyika)	1989	Not applicable	11.341632089	2
Tanzania (Tanganyika)	1988	Not applicable	8.7039662052	
Tanzania (Tanganyika)	1987	Not applicable	6.4585559519	
Tanzania (Tanganyika)	1986	Not applicable	4.9470445256	
Tanzania (Tanganyika)	1985	Not applicable	3.6694941347	
Tanzania (Tanganyika)	1984	Not applicable	2.8395481459	
Tanzania (Tanganyika)	1983	Not applicable	2.0600884857	
Tanzania (Tanganyika)	1982	Not applicable	1.61925664	
Tanzania (Tanganyika)	1981	Not applicable	1.2196758189	
Tanzania (Tanganyika)	1980	Not applicable	0.9875618443	
Tanzania (Tanganyika)	1979	Not applicable	0.7763812255	
Tanzania (Tanganyika)	1978	Not applicable	0.6994203586	
Tanzania (Tanganyika)	1977	Not applicable	0.6156869354	
Tanzania (Tanganyika)	1976	Not applicable	0.5264123297	
Tanzania (Tanganyika)	1975	Not applicable	0.5270280167	
Tanzania (Tanganyika)	1974	Not applicable	0.4038906296	
Tanzania (Zanzibar)	2005	Not applicable	143.66812227	167
Tanzania (Zanzibar)	2004	Not applicable	128.6338116	167
Tanzania (Zanzibar)	2003	Not applicable	116.74984404	167
Tanzania (Zanzibar)	2002	Not applicable	106.8621335	167
Tanzania (Zanzibar)	2001	Not applicable	100	167
Tanzania (Zanzibar)	2000	Not applicable	96.069868996	152,167
Tanzania (Zanzibar)	1999	Not applicable	94.978165939	167,168
Tanzania (Zanzibar)	1998	Not applicable	100.71740487	167
Tanzania (Zanzibar)	1997	Not applicable	101.06051154	167
Tanzania (Zanzibar)	1996	Not applicable	88.895820337	167
Tanzania (Zanzibar)	1995	Not applicable	78.914535246	167
Tanzania (Zanzibar)	1994	Not applicable	59.263880225	167
Tanzania (Zanzibar)	1993	Not applicable	46.475358702	167
Tanzania (Zanzibar)	1992	Not applicable	39.613225203	11,167
Tanzania (Zanzibar)	1991	Not applicable	128.15884477	167
Tanzania (Zanzibar)	1990	Not applicable	100	167
Tanzania (Zanzibar)	1989	Not applicable	74.007220217	167
Tanzania (Zanzibar)	1988	Not applicable	51.480144404	167
Tanzania, United Republic of	1984	Not applicable	100	128
Tanzania, United Republic of	1983	Not applicable	72.58826355	128
Tanzania, United Republic of	1982	Not applicable	57.057081098	128
Tanzania, United Republic of	1981	Not applicable	42.982947722	128
Tanzania, United Republic of	1980	Not applicable	34.801056761	128
Tanzania, United Republic of	1979	Not applicable	27.355696101	128
Tanzania, United Republic of	1978	Not applicable	24.625730526	128
Tanzania, United Republic of	1977	Not applicable	21.1031943	128
Tanzania, United Republic of	1976	Not applicable	18.533344008	128
Tanzania, United Republic of	1975	Not applicable	18.573372828	128
Tanzania, United Republic of	1974	Not applicable	9.4147786406	128
Tanzania, United Republic of	1973	Not applicable	10.511568329	128
Tanzania, United Republic of	1972	Not applicable	9.4387959331	128
Tanzania, United Republic of	1971	Not applicable	8.6542310464	128
Tanzania, United Republic of	1970	Not applicable	8.1818909615	128
Tanzania, United Republic of	1969	Not applicable	8.0057641502	128
Thailand	2008	Not applicable	139.41826531	
Thailand	2007	Not applicable	124.9622449	
Thailand	2006	Not applicable	120.11326531	
Thailand	2005	Not applicable	114.86020408	
Thailand	2004	Not applicable	109.40510204	2
Thailand	2003	Not applicable	104.69387755	
Thailand	2002	Not applicable	101.02040816	
Thailand	2001	Not applicable	100.71428571	
Thailand	2000	Not applicable	100	2
Thailand	1999	Not applicable	101.10946746	
Thailand	1998	Not applicable	101.99704142	
Thailand	1997	Not applicable	93.047337278	
Thailand	1996	Not applicable	87.056213018	
Thailand	1995	Not applicable	79.955621302	
Thailand	1994	Not applicable	73.964497041	2
Thailand	1993	Not applicable	69.178915333	
Thailand	1992	Not applicable	67.725067725	
Thailand	1991	Not applicable	64.81737251	
Thailand	1990	Not applicable	60.576983654	2
Thailand	1990	Bangkok Metropolis	100	1,2
Thailand	1989	Bangkok Metropolis	91.240310078	1
Thailand	1989	Not applicable	56.095154314	
Thailand	1988	Not applicable	51.806091828	
Thailand	1988	Bangkok Metropolis	82.790697674	1
Thailand	1987	Bangkok Metropolis	79.147286822	1
Thailand	1987	Not applicable	49.300122735	
Thailand	1986	Not applicable	48.191713328	
Thailand	1986	Bangkok Metropolis	77.519379845	1,2
Thailand	1985	Bangkok Metropolis	77.476996368	1
Thailand	1985	Not applicable	47.902563049	
Thailand	1984	Not applicable	49.107355882	
Thailand	1984	Bangkok Metropolis	79.087568502	1
Thailand	1983	Bangkok Metropolis	79.977621524	1
Thailand	1983	Not applicable	49.685656442	
Thailand	1982	Not applicable	47.276070775	
Thailand	1982	Bangkok Metropolis	76.035958142	1
Thailand	1981	Bangkok Metropolis	73.450566031	1
Thailand	1981	Not applicable	45.974894515	
Thailand	1980	Not applicable	41.589448602	
Thailand	1980	Bangkok Metropolis	66.457292289	1
Thailand	1979	Bangkok Metropolis	55.946189937	1
Thailand	1979	Not applicable	34.794417023	
Thailand	1978	Not applicable	31.902914223	
Thailand	1978	Bangkok Metropolis	51.241623965	1
Thailand	1977	Bangkok Metropolis	47.257577106	1
Thailand	1976	Bangkok Metropolis	42.383477225	1,2
Thailand	1975	Bangkok Metropolis	40.157773978	1
Thailand	1974	Bangkok Metropolis	38.597879394	1
Thailand	1973	Bangkok Metropolis	30.037482288	1
Thailand	1972	Bangkok Metropolis	26.251884457	1
Thailand	1971	Bangkok Metropolis	24.672966769	1
Thailand	1970	Bangkok Metropolis	24.520781931	1
Thailand	1969	Bangkok Metropolis	24.463712617	1
Togo	2008	Lomé	138.3	26,148
Togo	2007	Lomé	114.86	26,148
Togo	2006	Lomé	111.74	26,148
Togo	2005	Lomé	112.98	26,148
Togo	2004	Lomé	101.89	26,148
Togo	2003	Lomé	103.14	26,148
Togo	2002	Lomé	109.33	26,148
Togo	2001	Lomé	105.22	26,148
Togo	2000	Lomé	100	26,148
Togo	1999	Lomé	103.5	26,148
Togo	1998	Lomé	109	26,148,169
Togo	1997	Lomé	199.87367608	26,148
Togo	1996	Lomé	175.07336717	26,148
Togo	1995	Lomé	165.40545013	2,26,148
Togo	1994	Lomé	129.46601942	26,148
Togo	1993	Lomé	98.300970874	26,148
Togo	1992	Lomé	98.689320388	26,148
Togo	1991	Lomé	95.752427184	26,148
Togo	1990	Lomé	100	26,148
Togo	1989	Lomé	98.131067961	26,148
Togo	1988	Lomé	119.22330097	26,148
Togo	1987	Lomé	103.98058252	26,148
Togo	1986	Lomé	104.92718447	26,148
Togo	1985	Lomé	100.80097087	26,148
Togo	1984	Lomé	109.85436893	26,148
Togo	1983	Lomé	122.47572816	26,148
Togo	1982	Lomé	110.04854369	26,148
Togo	1981	Lomé	96.990291262	26,148
Togo	1980	Lomé	77.111650485	26,148
Togo	1979	Lomé	68.325242718	26,148
Togo	1978	Lomé	63.932038835	26,148
Togo	1977	Lomé	69.927184466	26,148
Togo	1976	Lomé	55.145631068	26,148
Togo	1975	Lomé	46.893203883	26,148
Togo	1974	Lomé	37.839805825	26,148
Togo	1973	Lomé	33.689320388	26,148
Togo	1972	Lomé	33.009708738	26,148
Togo	1971	Lomé	30.631067961	26,148
Togo	1970	Lomé	27.742718447	26,148
Togo	1969	Lomé	26.699029126	26,148
Tonga	2008	Not applicable	197.68890701	
Tonga	2007	Not applicable	182.89549755	
Tonga	2006	Not applicable	170.36367047	
Tonga	2005	Not applicable	165.50792007	
Tonga	2004	Not applicable	156.08909462	
Tonga	2003	Not applicable	143.11825449	
Tonga	2002	Not applicable	130.61303426	2
Tonga	2001	Not applicable	111.81076672	
Tonga	2000	Not applicable	100	
Tonga	1999	Not applicable	99.673735726	
Tonga	1998	Not applicable	94.535073409	
Tonga	1997	Not applicable	88.98858075	
Tonga	1996	Not applicable	86.296900489	
Tonga	1995	Not applicable	80.424143556	
Tonga	1994	Not applicable	77.977161501	
Tonga	1993	Not applicable	78.629690049	
Tonga	1992	Not applicable	81.810766721	
Tonga	1991	Not applicable	72.838499184	
Tonga	1990	Not applicable	68.515497553	2
Tonga	1989	Not applicable	64.380742905	
Tonga	1988	Not applicable	65.21845342	
Tonga	1987	Not applicable	59.29299648	
Tonga	1986	Not applicable	57.287102497	
Tonga	1985	Not applicable	45.636009475	
Tonga	1984	Not applicable	38.427087803	2
Tonga	1983	Not applicable	41.066276299	
Tonga	1982	Not applicable	37.447222229	
Tonga	1981	Not applicable	32.590360444	
Tonga	1980	Not applicable	26.954953781	
Tonga	1979	Not applicable	22.134266808	
Tonga	1978	Not applicable	21.586926166	
Tonga	1977	Not applicable	19.103446646	
Tonga	1976	Not applicable	16.190587829	
Tonga	1975	Not applicable	15.668412275	
Tonga	1974	Not applicable	14.587886353	
Tonga	1973	Not applicable	12.483455955	
Tonga	1972	Not applicable	9.5375679616	
Tonga	1971	Not applicable	8.7118385454	
Tonga	1970	Not applicable	8.6300520128	
Tonga	1969	Not applicable	8.8502465238	
Trinidad and Tobago	2008	Not applicable	360.9435371	
Trinidad and Tobago	2007	Not applicable	286.64713019	
Trinidad and Tobago	2006	Not applicable	244.0979468	
Trinidad and Tobago	2005	Not applicable	198.12375175	
Trinidad and Tobago	2004	Not applicable	161.10727951	
Trinidad and Tobago	2003	Not applicable	142.92837144	2
Trinidad and Tobago	2002	Not applicable	125.57162856	
Trinidad and Tobago	2001	Not applicable	113.95240317	
Trinidad and Tobago	2000	Not applicable	100	
Trinidad and Tobago	1999	Not applicable	92.347176855	
Trinidad and Tobago	1998	Not applicable	84.974335044	
Trinidad and Tobago	1997	Not applicable	73.868408773	
Trinidad and Tobago	1996	Not applicable	67.195520299	
Trinidad and Tobago	1995	Not applicable	60.942603826	
Trinidad and Tobago	1994	Not applicable	52.169855343	2
Trinidad and Tobago	1993	Not applicable	44.433504747	
Trinidad and Tobago	1992	Not applicable	37.366441669	
Trinidad and Tobago	1991	Not applicable	34.361631145	
Trinidad and Tobago	1990	Not applicable	32.382853483	
Trinidad and Tobago	1989	Not applicable	27.650538652	
Trinidad and Tobago	1988	Not applicable	22.572722958	
Trinidad and Tobago	1987	Not applicable	20.018110527	
Trinidad and Tobago	1986	Not applicable	16.772496373	
Trinidad and Tobago	1985	Not applicable	15.170628741	
Trinidad and Tobago	1984	Not applicable	13.987550033	
Trinidad and Tobago	1983	Not applicable	12.720713541	2
Trinidad and Tobago	1982	Not applicable	10.316507619	
Trinidad and Tobago	1981	Not applicable	9.0814981563	
Trinidad and Tobago	1980	Not applicable	7.7907739807	
Trinidad and Tobago	1979	Not applicable	6.5279071614	
Trinidad and Tobago	1978	Not applicable	5.7339725067	
Trinidad and Tobago	1977	Not applicable	5.2557545567	
Trinidad and Tobago	1976	Not applicable	4.9168233883	2
Trinidad and Tobago	1975	Not applicable	4.5872500135	
Trinidad and Tobago	1974	Not applicable	3.9228106609	
Trinidad and Tobago	1973	Not applicable	3.0177984392	
Trinidad and Tobago	1972	Not applicable	2.536652701	
Trinidad and Tobago	1971	Not applicable	2.2748046803	
Trinidad and Tobago	1970	Not applicable	2.1749751224	
Trinidad and Tobago	1969	Not applicable	2.0849648652	
Tunisia	2008	Not applicable	132.6	94
Tunisia	2007	Not applicable	124.84	94
Tunisia	2006	Not applicable	121.43	94
Tunisia	2005	Not applicable	115.2	94
Tunisia	2004	Not applicable	115.1	94
Tunisia	2003	Not applicable	109.7	94
Tunisia	2002	Not applicable	106.1	94
Tunisia	2001	Not applicable	102	94
Tunisia	2000	Not applicable	100	2,94
Tunisia	1999	Not applicable	95.642187201	94
Tunisia	1998	Not applicable	93.536655395	94
Tunisia	1997	Not applicable	91.112103618	94
Tunisia	1996	Not applicable	87.411471958	94
Tunisia	1995	Not applicable	84.221272252	94
Tunisia	1994	Not applicable	77.777068845	94
Tunisia	1993	Not applicable	74.586869138	94
Tunisia	1992	Not applicable	72.736553308	94
Tunisia	1991	Not applicable	69.354941619	94
Tunisia	1990	Not applicable	63.80399413	14,94
Tunisia	1989	Not applicable	93.550295858	94
Tunisia	1988	Not applicable	86.272189349	94
Tunisia	1987	Not applicable	79.940828402	94
Tunisia	1986	Not applicable	75.029585799	94
Tunisia	1985	Not applicable	70.887573964	94
Tunisia	1984	Not applicable	64.911242604	2,94
Tunisia	1983	Not applicable	59.171597633	94
Tunisia	1982	Not applicable	54.764844199	94
Tunisia	1981	Not applicable	48.339730414	94
Tunisia	1980	Not applicable	44.37028839	94
Tunisia	1979	Not applicable	39.055272798	94
Tunisia	1978	Not applicable	35.724978219	94
Tunisia	1978	Tunis	100	15,48
Tunisia	1977	Tunis	93.912492074	15,48
Tunisia	1977	Not applicable	33.639339189	94
Tunisia	1976	Tunis	89.727330374	15,48
Tunisia	1975	Tunis	77.045022194	15,48
Tunisia	1974	Tunis	76.410906785	15,48
Tunisia	1973	Tunis	76.410906785	15,48
Tunisia	1972	Tunis	71.211160431	15,48
Tunisia	1971	Tunis	69.879518072	15,48
Tunisia	1970	Tunis	63.4115409	15,48
Turkey	2008	Not applicable	155.88	170
Turkey	2007	Not applicable	138.21	170
Turkey	2006	Not applicable	122.95	170
Turkey	2005	Not applicable	112.08	170,171
Turkey	2004	Not applicable	316.062074	170
Turkey	2003	Not applicable	290.02625078	170
Turkey	2002	Not applicable	225.31131722	170
Turkey	2001	Not applicable	150.26618057	170
Turkey	2000	Not applicable	100	170
Turkey	1999	Not applicable	66.767442849	170
Turkey	1998	Not applicable	44.924011923	170
Turkey	1997	Not applicable	24.634750772	170
Turkey	1996	Not applicable	12.800637132	170
Turkey	1995	Not applicable	7.4344987029	170
Turkey	1994	Not applicable	3.8660939693	14,170
Turkey	1993	Not applicable	468.19073783	170
Turkey	1992	Not applicable	286.3422292	170
Turkey	1991	Not applicable	167.1310832	170
Turkey	1990	Not applicable	100	170
Turkey	1989	Not applicable	60.851648352	170
Turkey	1988	Not applicable	35.949764521	170
Turkey	1987	Not applicable	19.623233909	36,170
Turkey	1986	Not applicable	14.944334536	170
Turkey	1985	Not applicable	11.456999884	170
Turkey	1984	Not applicable	8.1471352651	170
Turkey	1984	Ankara	100	128
Turkey	1983	Ankara	61.831584378	128
Turkey	1983	Not applicable	5.1863920245	170
Turkey	1982	Not applicable	4.1138135692	170
Turkey	1982	Ankara	47.722737331	128
Turkey	1981	Ankara	36.991433963	128
Turkey	1980	Ankara	26.289996335	128
Turkey	1979	Ankara	12.718732607	128
Turkey	1978	Ankara	8.4031331876	128
Turkey	1977	Ankara	5.8088864152	128
Turkey	1976	Ankara	4.4472801814	128
Turkey	1975	Ankara	3.7725859658	128
Turkey	1974	Ankara	2.9010493735	128
Turkey	1973	Ankara	2.4354153374	128
Turkey	1972	Ankara	2.0295127812	128
Turkey	1971	Ankara	1.8285978035	128
Turkey	1970	Ankara	1.6046047541	128
Turkey	1969	Ankara	1.4878568617	128
Tuvalu	2007	Funafuti	128.59581543	2
Tuvalu	2006	Funafuti	129.21141323	
Tuvalu	2005	Funafuti	127.40268987	
Tuvalu	2004	Funafuti	120.75888253	
Tuvalu	2003	Funafuti	117.38969198	
Tuvalu	2002	Funafuti	109.35092153	2
Tuvalu	2001	Funafuti	105.27029526	
Tuvalu	2000	Funafuti	100	
Tuvalu	1999	Funafuti	98.964433212	
Tuvalu	1998	Funafuti	95.235159958	
Tuvalu	1997	Funafuti	95.050237317	
Tuvalu	1996	Funafuti	95.235159958	
Tuvalu	1995	Funafuti	94.310546755	
Tuvalu	1994	Funafuti	89.255994576	
Tuvalu	1993	Funafuti	85.927387043	
Tuvalu	1992	Funafuti	83.585033594	
Tuvalu	1991	Funafuti	91.721629785	
Tuvalu	1990	Funafuti	86.605436726	
Tuvalu	1989	Funafuti	84.756210319	
Tuvalu	1988	Funafuti	85.680823522	
Tuvalu	1986	Funafuti	72.243111632	
Tuvalu	1985	Funafuti	66.325587129	
Tuvalu	1984	Funafuti	62.935338717	2
Tuvalu	1983	Funafuti	60.484855686	
Tuvalu	1982	Funafuti	55.902044095	
Tuvalu	1981	Funafuti	53.507421822	
Tuvalu	1980	Funafuti	48.346597958	
Uganda	2008	Not applicable	171.08704062	
Uganda	2007	Not applicable	142.83655706	2
Uganda	2006	Not applicable	139.07156673	
Uganda	2005	Not applicable	126.11218569	
Uganda	2004	Not applicable	111.41199226	
Uganda	2003	Not applicable	106.67311412	
Uganda	2002	Not applicable	92.456479691	
Uganda	2001	Not applicable	96.615087041	
Uganda	2000	Not applicable	100	
Uganda	1999	Not applicable	99.032882012	
Uganda	1998	Not applicable	92.649903288	
Uganda	1997	Not applicable	94.584139265	
Uganda	1996	Not applicable	80.077369439	
Uganda	1995	Not applicable	75.145067698	
Uganda	1994	Not applicable	71.856866538	
Uganda	1993	Not applicable	61.992263056	
Uganda	1992	Not applicable	64.603481625	
Uganda	1991	Not applicable	39.071566731	
Uganda	1990	Not applicable	31.528046422	
Ukraine	2008	Not applicable	246.97874559	26,172
Ukraine	2007	Not applicable	182.40056813	26,172
Ukraine	2006	Not applicable	166.54696089	26,172
Ukraine	2005	Not applicable	157.50487494	26,172
Ukraine	2004	Not applicable	135.13149424	26,172
Ukraine	2003	Not applicable	121.45041986	26,172
Ukraine	2002	Not applicable	114.35887171	26,172
Ukraine	2001	Not applicable	114.35782985	26,172
Ukraine	2000	Not applicable	100	26,172
Ukraine	1999	Not applicable	74.34886461	26,172
Ukraine	1998	Not applicable	58.17380341	26,172
Ukraine	1997	Not applicable	52.037852464	26,172
Ukraine	1996	Not applicable	46.613155689	26,172
Ukraine	1995	Not applicable	29.440301807	26,172
Ukraine	1994	Not applicable	6.4571574656	26,172
Ukraine	1993	Not applicable	0.7181174464	26,172
Ukraine	1992	Not applicable	0.0130232939	14,26,172
Ukraine	1989	Not applicable	100	26,172
Ukraine	1988	Not applicable	99.427168576	26,172
Ukraine	1987	Not applicable	99.509001637	26,172
Ukraine	1986	Not applicable	95.008183306	26,172
Ukraine	1985	Not applicable	90.752864157	26,172
Ukraine	1984	Not applicable	89.116202946	26,172
Ukraine	1983	Not applicable	89.279869067	26,172
Ukraine	1982	Not applicable	88.379705401	26,172
Ukraine	1981	Not applicable	85.924713584	26,172
Ukraine	1980	Not applicable	84.942716858	26,172
Ukraine	1979	Not applicable	84.206219313	26,172
Ukraine	1978	Not applicable	83.715220949	26,172
Ukraine	1977	Not applicable	82.815057283	26,172
Ukraine	1976	Not applicable	82.815057283	26,172
Ukraine	1975	Not applicable	82.896890344	26,172
Ukraine	1974	Not applicable	82.815057283	26,172
Ukraine	1973	Not applicable	82.40589198	26,172
Ukraine	1972	Not applicable	82.32405892	26,172
Ukraine	1971	Not applicable	82.160392799	26,172
Ukraine	1970	Not applicable	81.833060556	26,172
Ukraine	1969	Not applicable	81.833060556	26,172
United Arab Emirates	2008	Not applicable	116.3	55,109
United Arab Emirates	2007	Not applicable	130.4	109
United Arab Emirates	2006	Not applicable	123.5	109
United Arab Emirates	2005	Not applicable	117	109
United Arab Emirates	2004	Not applicable	112	109
United Arab Emirates	2003	Not applicable	104.7	109
United Arab Emirates	2002	Not applicable	102.4	109
United Arab Emirates	2001	Not applicable	101	109
United Arab Emirates	2000	Not applicable	100	2,109
United Arab Emirates	1999	Not applicable	99.470899471	109
United Arab Emirates	1998	Not applicable	97.001763668	109
United Arab Emirates	1997	Not applicable	95.238095238	109
United Arab Emirates	1996	Not applicable	91.710758377	109
United Arab Emirates	1995	Not applicable	88.183421517	2,109
United Kingdom	2008	Not applicable	125.17433752	
United Kingdom	2007	Not applicable	114.57461646	
United Kingdom	2006	Not applicable	109.56764296	
United Kingdom	2005	Not applicable	107.25244073	
United Kingdom	2004	Not applicable	105.9972106	
United Kingdom	2003	Not applicable	105.36959554	
United Kingdom	2002	Not applicable	104.0446304	
United Kingdom	2001	Not applicable	103.27754533	
United Kingdom	2000	Not applicable	100	
United Kingdom	1999	Not applicable	100.27894003	
United Kingdom	1998	Not applicable	100	
United Kingdom	1997	Not applicable	98.675034868	
United Kingdom	1996	Not applicable	98.605299861	
United Kingdom	1995	Not applicable	95.536959554	
United Kingdom	1994	Not applicable	91.980474198	
United Kingdom	1993	Not applicable	91.073919107	
United Kingdom	1992	Not applicable	89.470013947	
United Kingdom	1991	Not applicable	87.587168759	
United Kingdom	1990	Not applicable	83.263598326	
United Kingdom	1989	Not applicable	77.057182706	
United Kingdom	1988	Not applicable	72.942817294	
United Kingdom	1987	Not applicable	70.50209205	2
United Kingdom	1986	Not applicable	68.415163621	
United Kingdom	1985	Not applicable	66.248256625	
United Kingdom	1984	Not applicable	64.238942865	
United Kingdom	1983	Not applicable	60.830989134	
United Kingdom	1982	Not applicable	58.959569455	
United Kingdom	1981	Not applicable	54.665153772	
United Kingdom	1980	Not applicable	50.410136397	
United Kingdom	1979	Not applicable	44.973169752	
United Kingdom	1978	Not applicable	40.146876896	
United Kingdom	1977	Not applicable	37.487491037	
United Kingdom	1976	Not applicable	31.498948065	
United Kingdom	1975	Not applicable	26.258972965	
United Kingdom	1974	Not applicable	20.900802938	2
United Kingdom	1973	Not applicable	17.717421386	
United Kingdom	1972	Not applicable	15.39933906	
United Kingdom	1971	Not applicable	14.144847449	
United Kingdom	1970	Not applicable	12.735817015	
United Kingdom	1969	Not applicable	11.908579793	
United States	2008	Not applicable	127.59594756	46,173
United States	2007	Not applicable	120.9272944	46,173
United States	2006	Not applicable	116.32896305	46,173
United States	2005	Not applicable	113.64719905	46,173
United States	2004	Not applicable	110.96543504	46,173
United States	2003	Not applicable	107.27056019	46,173
United States	2002	Not applicable	105.00595948	46,173
United States	2001	Not applicable	103.15852205	46,173
United States	2000	Not applicable	100	46,173
United States	1999	Not applicable	97.794994041	46,173
United States	1998	Not applicable	95.768772348	46,173
United States	1997	Not applicable	93.742550656	46,173
United States	1996	Not applicable	91.358760429	46,173
United States	1995	Not applicable	88.438617402	46,173
United States	1994	Not applicable	85.99523242	46,173
United States	1993	Not applicable	83.969010727	46,173
United States	1992	Not applicable	82.181168057	46,173
United States	1991	Not applicable	81.227651967	46,173
United States	1990	Not applicable	78.903456496	46,173
United States	1989	Not applicable	74.553039333	46,173
United States	1988	Not applicable	70.441001192	46,173,174
United States	1987	Not applicable	100	46,173
United States	1986	Not applicable	96.086286595	46,173
United States	1985	Not applicable	93.066255778	46,173
United States	1984	Not applicable	90.93990755	46,173
United States	1983	Not applicable	87.642526965	46,173
United States	1982	Not applicable	85.731895223	46,173
United States	1981	Not applicable	82.372881356	46,173
United States	1980	Not applicable	76.425269646	46,173
United States	1979	Not applicable	70.416024653	46,173
United States	1978	Not applicable	63.574730354	46,173
United States	1977	Not applicable	57.935285054	46,173
United States	1976	Not applicable	54.668721109	46,173
United States	1975	Not applicable	53.035439137	46,173
United States	1974	Not applicable	48.906009245	46,173
United States	1973	Not applicable	42.989214176	46,173
United States	1972	Not applicable	37.966101695	46,173
United States	1971	Not applicable	36.456086287	46,173
United States	1970	Not applicable	35.346687211	46,173
United States	1969	Not applicable	33.528505393	46,173
Uruguay	2008	Montevideo	230.27913578	
Uruguay	2007	Montevideo	202.53114651	
Uruguay	2006	Montevideo	176.00536193	
Uruguay	2005	Montevideo	165.66787573	
Uruguay	2004	Montevideo	159.20201861	
Uruguay	2003	Montevideo	142.51695316	
Uruguay	2002	Montevideo	117.23702886	
Uruguay	2001	Montevideo	103.07522473	
Uruguay	2000	Montevideo	100	
Uruguay	1999	Montevideo	94.645954897	
Uruguay	1998	Montevideo	91.286863271	
Uruguay	1997	Montevideo	82.636808074	2
Uruguay	1996	Montevideo	69.830399411	
Uruguay	1995	Montevideo	56.493890499	
Uruguay	1994	Montevideo	39.91369924	
Uruguay	1993	Montevideo	28.388885225	
Uruguay	1992	Montevideo	18.755106698	
Uruguay	1991	Montevideo	11.72045299	
Uruguay	1990	Montevideo	6.3201645718	
Uruguay	1989	Montevideo	2.865627827	
Uruguay	1988	Montevideo	1.5871084738	
Uruguay	1987	Montevideo	1.0048536546	
Uruguay	1986	Montevideo	0.6294268685	2
Uruguay	1985	Montevideo	0.3283171023	
Uruguay	1984	Montevideo	0.2014332613	
Uruguay	1983	Montevideo	0.1193083069	
Uruguay	1982	Montevideo	0.0774172557	
Uruguay	1981	Montevideo	0.0693031087	
Uruguay	1980	Montevideo	0.0551688907	
Uruguay	1979	Montevideo	0.0349319826	
Uruguay	1978	Montevideo	0.0204355117	
Uruguay	1977	Montevideo	0.0141389845	
Uruguay	1976	Montevideo	0.0086209832	
Uruguay	1975	Montevideo	0.0058389446	
Uruguay	1974	Montevideo	0.00341757	
Uruguay	1973	Montevideo	0.0019812691	2
Uruguay	1972	Montevideo	0.0009774234	
Uruguay	1971	Montevideo	0.0005042747	
Uruguay	1970	Montevideo	0.0004050631	
Uruguay	1969	Montevideo	0.0003625685	
Vanuatu	2008	Not applicable	125.4473161	94
Vanuatu	2007	Not applicable	116.10337972	94
Vanuatu	2006	Not applicable	111.82902584	94
Vanuatu	2005	Not applicable	108.05168986	94
Vanuatu	2004	Not applicable	108.54870775	94
Vanuatu	2003	Not applicable	104.97017893	94
Vanuatu	2002	Not applicable	102.68389662	94
Vanuatu	2001	Not applicable	102.18687873	94
Vanuatu	2000	Not applicable	100	94
Vanuatu	1999	Not applicable	98.011928429	2,94
Vanuatu	1998	Not applicable	96.629785048	94
Vanuatu	1997	Not applicable	93.584382964	94
Vanuatu	1996	Not applicable	92.925917648	94
Vanuatu	1995	Not applicable	93.995923786	94
Vanuatu	1994	Not applicable	90.292056387	94
Vanuatu	1993	Not applicable	89.715899235	94
Vanuatu	1992	Not applicable	85.929723671	94
Vanuatu	1991	Not applicable	85.106642027	94
Vanuatu	1990	Not applicable	82.884321587	94,175
Vanuatu	1989	Not applicable	95.694294941	94
Vanuatu	1988	Not applicable	86.580552565	94
Vanuatu	1987	Not applicable	81.05489774	94
Vanuatu	1986	Not applicable	67.27664155	94
Vanuatu	1985	Not applicable	63.473268748	94
Vanuatu	1984	Not applicable	64.980265518	94
Vanuatu	1983	Not applicable	63.760315752	94
Vanuatu	1982	Not applicable	65.84140653	94
Vanuatu	1981	Not applicable	64.693218515	94
Vanuatu	1980	Not applicable	47.865087908	94,176
Vanuatu	1979	Not applicable	42.554718335	94
Vanuatu	1978	Not applicable	41.872981701	94,177
Vanuatu	1977	Not applicable	38.105489774	94,123
Vanuatu	1976	Not applicable	37.064944385	94
Vanuatu	1975	Vila	102.08205756	50,103,178
Vanuatu	1974	Vila	100	50,178
Vanuatu	1973	Vila	73.729332517	50,178
Vanuatu	1972	Vila	68.52418861	50,178
Vanuatu	1971	Vila	61.849357012	50,178
Vanuatu	1970	Vila	57.256582976	50,103,178
Vanuatu	1969	Vila	56.276791182	50,103,178
Venezuela, Bolivarian Rep. of	2008	Caracas	738.00433333	2,94
Venezuela, Bolivarian Rep. of	2007	Caracas	506.31034483	94
Venezuela, Bolivarian Rep. of	2006	Caracas	399.25287356	94
Venezuela, Bolivarian Rep. of	2005	Caracas	332.47126437	94
Venezuela, Bolivarian Rep. of	2004	Caracas	274.59770115	94
Venezuela, Bolivarian Rep. of	2003	Caracas	205.17241379	94
Venezuela, Bolivarian Rep. of	2002	Caracas	148.96551724	94
Venezuela, Bolivarian Rep. of	2001	Caracas	116.14942529	94
Venezuela, Bolivarian Rep. of	2000	Caracas	100	2,94
Venezuela, Bolivarian Rep. of	1999	Caracas	93.301302291	94
Venezuela, Bolivarian Rep. of	1998	Caracas	79.789688989	94
Venezuela, Bolivarian Rep. of	1997	Caracas	57.471264368	94
Venezuela, Bolivarian Rep. of	1996	Caracas	39.332130192	94
Venezuela, Bolivarian Rep. of	1995	Caracas	20.915143474	94
Venezuela, Bolivarian Rep. of	1994	Caracas	13.082793013	94
Venezuela, Bolivarian Rep. of	1993	Caracas	8.2687191379	94
Venezuela, Bolivarian Rep. of	1992	Caracas	6.2018988004	94
Venezuela, Bolivarian Rep. of	1991	Caracas	4.7515300941	94
Venezuela, Bolivarian Rep. of	1990	Caracas	3.450691346	2,94
Venezuela, Bolivarian Rep. of	1989	Caracas	2.3421811149	94
Venezuela, Bolivarian Rep. of	1988	Caracas	0.7405622153	94
Venezuela, Bolivarian Rep. of	1987	Caracas	0.5289799546	94
Venezuela, Bolivarian Rep. of	1986	Caracas	0.3751417155	94
Venezuela, Bolivarian Rep. of	1985	Caracas	0.3152590265	94
Venezuela, Bolivarian Rep. of	1984	Caracas	0.2608688244	94
Venezuela, Bolivarian Rep. of	1983	Caracas	0.2226158405	94
Venezuela, Bolivarian Rep. of	1982	Caracas	0.2064786224	94
Venezuela, Bolivarian Rep. of	1981	Caracas	0.1882027368	94
Venezuela, Bolivarian Rep. of	1980	Caracas	0.1588446652	94
Venezuela, Bolivarian Rep. of	1979	Caracas	0.1193279232	94
Venezuela, Bolivarian Rep. of	1978	Caracas	0.1023157957	94
Venezuela, Bolivarian Rep. of	1977	Caracas	0.0936153076	94
Venezuela, Bolivarian Rep. of	1976	Caracas	0.0833108189	94
Venezuela, Bolivarian Rep. of	1975	Caracas	0.076554574	94
Venezuela, Bolivarian Rep. of	1974	Caracas	0.0667361461	94
Venezuela, Bolivarian Rep. of	1973	Caracas	0.0592022039	94
Venezuela, Bolivarian Rep. of	1972	Caracas	0.0550220811	94
Venezuela, Bolivarian Rep. of	1971	Caracas	0.0524459589	94
Venezuela, Bolivarian Rep. of	1970	Caracas	0.0506961401	94
Venezuela, Bolivarian Rep. of	1969	Caracas	0.050015655	94
Viet Nam	2008	Not applicable	192.124688	
Viet Nam	2007	Not applicable	156.04001	
Viet Nam	2006	Not applicable	144.842726	2
Viet Nam	2005	Not applicable	136.22	124
Viet Nam	2004	Not applicable	119.79977753	
Viet Nam	2003	Not applicable	108.67630701	
Viet Nam	2002	Not applicable	106.09566185	
Viet Nam	2001	Not applicable	98.598442714	
Viet Nam	2000	Not applicable	100	
Viet Nam	1999	Not applicable	103.98220245	
Viet Nam	1998	Not applicable	99.77753059	
Viet Nam	1997	Not applicable	90.834260289	
Viet Nam	1996	Not applicable	90.300333704	
Viet Nam	1995	Not applicable	84.627363737	
Viet Nam	1990	Not applicable	22.246941046	
Virgin Islands (British)	2005	Not applicable	112.13842059	
Virgin Islands (British)	2004	Not applicable	108.42945874	
Virgin Islands (British)	2003	Not applicable	107.09849157	
Virgin Islands (British)	2002	Not applicable	105.32386868	
Virgin Islands (British)	2001	Not applicable	104.25909494	
Virgin Islands (British)	2000	Not applicable	100	
Virgin Islands (British)	1999	Not applicable	99.733806566	
Virgin Islands (British)	1998	Not applicable	98.935226264	
Virgin Islands (British)	1997	Not applicable	96.007098492	
Virgin Islands (British)	1996	Not applicable	93.433895297	2
Virgin Islands (British)	1995	Not applicable	85.251109139	
Virgin Islands (British)	1994	Not applicable	81.676258081	
Virgin Islands (British)	1993	Not applicable	77.434909367	
Virgin Islands (British)	1992	Not applicable	77.25313728	
Virgin Islands (British)	1991	Not applicable	75.798960578	
Virgin Islands (British)	1990	Not applicable	70.830523514	
Virgin Islands (British)	1989	Not applicable	68.649258461	
Virgin Islands (British)	1988	Not applicable	65.437951578	
Virgin Islands (British)	1987	Not applicable	62.347826087	
Virgin Islands (British)	1986	Not applicable	62.771960958	
Virgin Islands (British)	1985	Not applicable	61.741919128	
Virgin Islands (British)	1984	Not applicable	59.621244771	
Virgin Islands (British)	1983	Not applicable	58.89415642	
Virgin Islands (British)	1982	Not applicable	57.86411459	
Virgin Islands (British)	1981	Not applicable	54.289263531	
Virgin Islands (British)	1980	Not applicable	48.654328812	
Virgin Islands (British)	1979	Not applicable	43.80707314	
West Bank and Gaza Strip	2008	Not applicable	147.36137601	2
West Bank and Gaza Strip	2007	Not applicable	124.3276687	
West Bank and Gaza Strip	2006	Not applicable	118.75103118	
West Bank and Gaza Strip	2005	Not applicable	113.2568883	
West Bank and Gaza Strip	2004	Not applicable	109.14040587	
West Bank and Gaza Strip	2003	Not applicable	106.83880548	
West Bank and Gaza Strip	2002	Not applicable	102.11186273	
West Bank and Gaza Strip	2001	Not applicable	99.529780564	
West Bank and Gaza Strip	2000	Not applicable	100	
West Bank and Gaza Strip	1999	Not applicable	98.399604026	
West Bank and Gaza Strip	1998	Not applicable	93.969641973	
West Bank and Gaza Strip	1997	Not applicable	87.584557004	
West Bank and Gaza Strip	1996	Not applicable	82.494637849	
Yemen, Republic of	2008	Not applicable	323.17106583	2
Yemen, Republic of	2007	Not applicable	317.89683671	
Yemen, Republic of	2006	Not applicable	269.45948513	
Yemen, Republic of	2005	Not applicable	199.89550679	
Yemen, Republic of	2004	Not applicable	168.32905861	
Yemen, Republic of	2003	Not applicable	141.41730787	
Yemen, Republic of	2002	Not applicable	121.23111998	
Yemen, Republic of	2001	Not applicable	115.68348057	
Yemen, Republic of	2000	Not applicable	100	
Yemen, Republic of	1999	Not applicable	94.993825401	
Yemen, Republic of	1998	Not applicable	86.064405814	
Yemen, Republic of	1997	Not applicable	81.542699725	
Yemen, Republic of	1996	Not applicable	79.24384915	
Yemen, Republic of	1995	Not applicable	60.511066781	
Yemen, Republic of	1994	Not applicable	38.804977676	
Yemen, Republic of	1993	Not applicable	24.204426712	
Yemen, Republic of	1992	Not applicable	17.478863874	
Yemen, Republic of	1991	Not applicable	13.394129382	
Yemen, Republic of	1990	Not applicable	9.6038757481	
Yemen, The former Democratic	1988	Aden	100	127
Yemen, The former Democratic	1987	Aden	100.31347962	127
Yemen, The former Democratic	1986	Aden	96.865203762	127
Yemen, The former Democratic	1985	Aden	96.238244514	127
Yemen, The former Democratic	1984	Aden	95.92476489	127
Yemen, The former Democratic	1983	Aden	94.984326019	127
Yemen, The former Democratic	1982	Aden	91.849529781	127
Yemen, The former Democratic	1981	Aden	84.326018809	127
Yemen, The former Democratic	1980	Aden	79.937304075	127
Yemen, The former Democratic	1979	Aden	72.727272727	127
Yemen, The former Democratic	1978	Aden	64.890282132	127
Yemen, The former Democratic	1977	Aden	63.636363636	127
Yemen, The former Democratic	1976	Aden	63.009404389	127
Yemen, The former Democratic	1975	Aden	61.44200627	127
Yemen, The former Democratic	1974	Aden	57.053291536	127
Yemen, The former Democratic	1973	Aden	46.394984326	127
Yemen, The former Democratic	1972	Aden	37.304075235	127
Yemen, The former Democratic	1971	Aden	35.736677116	127
Yemen, The former Democratic	1970	Aden	33.228840125	127
Yemen, The former Democratic	1969	Aden	31.347962382	127
Zambia	2008	Not applicable	319.89497717	26
Zambia	2007	Not applicable	281.12557078	26
Zambia	2006	Not applicable	267.05479452	26
Zambia	2005	Not applicable	254.52054795	26
Zambia	2004	Not applicable	214.65296804	26
Zambia	2003	Not applicable	184.47488584	26
Zambia	2002	Not applicable	151.05022831	26
Zambia	2001	Not applicable	118.88127854	26
Zambia	2000	Not applicable	100	26
Zambia	1999	Not applicable	81.575342466	26
Zambia	1998	Not applicable	66.552511416	26
Zambia	1997	Not applicable	53.424657534	26
Zambia	1996	Not applicable	43.99543379	26
Zambia	1995	Not applicable	30.867579909	26
Zambia	1994	Not applicable	22.831050228	26
Zambia	1993	Not applicable	15.114155251	26
Zambia	1992	Not applicable	5.296803653	26
Zambia	1991	Not applicable	1.7579908676	26
Zambia	1991	Not found  1	190.9800156	1,50
Zambia	1990	Not found  1	100	1,50
Zambia	1990	Not applicable	0.9132420091	26
Zambia	1989	Not applicable	0.4337899543	26
Zambia	1989	Not found  1	47.566464622	1,50
Zambia	1988	Not found  1	20.578527276	1,50
Zambia	1988	Not applicable	0.1826484018	26
Zambia	1987	Not found  1	13.004861069	1,50
Zambia	1986	Not found  1	8.9899777951	1,50
Zambia	1985	Not found  1	6.0013202905	1,2,50
Zambia	1984	Not found  1	4.3987455018	1,50
Zambia	1983	Not found  1	3.709705024	1,50
Zambia	1982	Not found  1	3.0740096154	1,50
Zambia	1981	Not found  1	2.6972600639	1,50
Zambia	1980	Not found  1	2.3460716913	1,50
Zambia	1979	Not found  1	2.0504510992	1,50
Zambia	1978	Not found  1	1.8826364022	1,50
Zambia	1977	Not found  1	1.6092429223	1,50
Zambia	1976	Not found  1	1.3614106214	1,50
Zambia	1975	Not found  1	1.1113556093	1,50
Zambia	1974	Not found  1	0.9979973372	1,50
Zambia	1973	Not found  1	0.9179797333	1,50
Zambia	1972	Not found  1	0.8579665304	1,50
Zambia	1971	Not found  1	0.8190690841	1,50
Zambia	1970	Not found  1	0.7735035041	1,50
Zimbabwe	2007	Not applicable	23620.205388	166
Zimbabwe	2006	Not applicable	315.97838666	166
Zimbabwe	2005	Not applicable	27.85998844	166
Zimbabwe	2004	Not applicable	8.6002563259	166
Zimbabwe	2003	Not applicable	1.8317575096	166
Zimbabwe	2002	Not applicable	0.3765616603	166
Zimbabwe	2001	Not applicable	0.1601844735	2,166
Zimbabwe	2000	Not applicable	0.1	166
Zimbabwe	1999	Not applicable	0.067140661	166
Zimbabwe	1998	Not applicable	0.0399692544	166
Zimbabwe	1997	Not applicable	0.0286702537	166
Zimbabwe	1996	Not applicable	0.0243850884	166
Zimbabwe	1995	Not applicable	0.0192159877	2,166
Zimbabwe	1994	Not applicable	0.0150755757	166
Zimbabwe	1993	Not applicable	0.0119691477	166
Zimbabwe	1992	Not applicable	0.0086254853	166
Zimbabwe	1991	Not applicable	0.0050401123	166
Zimbabwe	1990	Not applicable	0.0044761211	166
Zimbabwe	1990	Low income group	100	1
Zimbabwe	1989	Low income group	84.42037903	1
Zimbabwe	1988	Low income group	73.886290918	1
Zimbabwe	1987	Low income group	67.930100911	1
Zimbabwe	1986	Low income group	59.094265321	1
Zimbabwe	1985	Low income group	52.252030519	1
Zimbabwe	1984	Low income group	48.92936254	1
Zimbabwe	1983	Low income group	39.355156288	1
Zimbabwe	1982	Low income group	30.470095988	1
Zimbabwe	1981	Low income group	27.565838051	1
Zimbabwe	1980	Low income group	24.612355402	1,2
Zimbabwe	1979	Low income group	23.743684035	1
Zimbabwe	1978	Low income group	21.191291623	1
Zimbabwe	1977	Low income group	19.271635145	1
Zimbabwe	1976	Low income group	17.73805483	1
Zimbabwe	1975	Low income group	16.429685611	1
Zimbabwe	1974	Low income group	14.606548173	1
Zimbabwe	1973	Low income group	13.652082103	1
Zimbabwe	1972	Low income group	13.094416534	1
Zimbabwe	1971	Low income group	12.740513385	1
Zimbabwe	1970	Low income group	12.450956262	1
Zimbabwe	1969	Low income group	12.204296491	1
				
footnoteSeqID	Footnote			
1	Index base: 1990=100.			
2	Series linked to former series.			
3	Food only.			
4	Series (base 2000=100) replacing former series; prior to 2000: incl. alcoholic beverages and tobacco.			
5	Dec.			
6	Average of the first three quarters.			
7	Index base: 1982 = 100.			
8	Dec. of each year.			
9	Index base 2001=100.			
10	Incl. beverages and tobacco.			
11	Series (base 2001=100) replacing former series.			
12	As from 1993 index base 2000=100, prior to 1992: index base 1990=100.			
13	Jan.-Nov.			
14	Series (base 2000=100) replacing former series.			
15	Metropolitan areas.			
16	Series replacing former series; prior to 2006: incl. alcoholic beverages.			
17	Incl. tobacco.			
18	As from 1997 index base 2000=100; from 1985 to 1996: index base 1990=100; prior to 1985: index base 1984=100.			
19	June-Dec.; series (base 1990=100) replacing former series.			
20	July-Dec.			
21	Government officials.			
22	Index base: 1989=100.			
23	Jan., Feb. and April-Dec.			
24	As from 1992 index base 2000=100; prior to 1992: Index base 1990=100.			
25	Prior to 1991: excl. tobacco; series linked to former series.			
26	Incl. alcoholic beverages and tobacco.			
27	Jan.-Oct.			
28	Urban areas.			
29	Index base: 2005=100.			
30	As from 1978 index base 2000; prior to 1978:index base 1977=100.			
31	Incl. alcoholic beverages.			
32	Index base: 1979 = 100.			
33	July.			
34	June.			
35	As from 1999 index base 2000=100; from 1990 to 1998:index base 1995=100; prior to 1990: index base 1989=100.			
36	Series replacing former series.			
37	As from 1982 index base 2000=100; prior to 1982: Index base 1981=100.			
38	Aug.-Dec.; series (base 2000=100)replacing former series.			
39	11 months' average.			
40	Prior to 1980:Government officials; series linked to former series.			
41	Beginning 1997: including tobacco.			
42	Oct.-Dec.			
43	Prior to Dec. 2003: Douala and Yaoundé only.			
44	Index base 2003=100.			
45	Series (base 2003=100) replacing former series.			
46	As from 1988 index base 2000=100; prior to 1988: Index base 1987=100.			
47	Average of 9 months.			
48	Index base: 1978 = 100.			
49	High income group.			
50	Low income group.			
51	Index base: 1981 = 100.			
52	Excl. beverages.			
53	Central area.			
54	As from 1995 index (base 2000=100); prior to 1995: Index (base 1990=100).			
55	Series (base 2007=100) replacing former series; prior to 2007: incl. alcoholic beverages and tobacco.			
56	Series (base 2000=100) replacing former series; beginning 1995: incl. alcoholic beverages and tobacco.			
57	As from 1996:index base 2000=100; prior to 1996 Index base 1991=100.			
58	Series (base 2000=100) replacing former series; prior to 1996: low income group.			
59	Index base: 1991=100.			
60	March-Dec.			
61	Jan.-Aug.			
62	Incl. alcoholic beverages; excl. tobacco.			
63	As from 1977 index base 2000=100; prior to 1977: Index base 1976=100.			
64	Series (base 2000=100) replacing former series; prior to 1999: incl. alcoholic beverages and tobacco.			
65	Series (base 1990 = 100) replacing former series.			
66	Jan.-July and Sep.-Dec.			
67	Incl. tobacco, beverages and public catering.			
68	Jan.-Aug. and Nov.-Dec.			
69	Nov.			
70	Series (base 2005=100) replacing former series; prior to 2005 incl. alcoholic beverages  and tobacco.			
71	Index base: 2004=100.			
72	Series (base 2004=100) replacing former series; prior to 2004: incl. tobacco.			
73	Series (base 2000=100) replacing former series; food only; prior to 1993: incl. alcoholic beverages and tobacco.			
74	Jan.-May and Aug.-Dec.			
75	As from 1997 index base 2000=100; prior to 1997: Index base 1991=100.			
76	As from 1997 index base 2000=100; prior to 1997: Index base 1990=100.			
77	Series (base 2000=100) replacing former series; beginning sept. 1996: excl. beverages.			
78	Jan.-Aug.			
79	June-Dec.			
80	Jan.			
81	Jan.-June and Sep.-Dec.			
82	Jan.-May and Sep.-Dec.			
83	Prior to 1981: Papeete only; series linked to former series.			
84	As from 1991 index base 2000=100; prior to 1991: Index base 1991=100.			
85	Series (base 2007=100) replacing former series; prior to 2007: incl. beverages and tobacco.			
86	Feb.-Dec.			
87	Jan.-June and Aug.-Dec.			
88	5 cities.			
89	Series (base 2000=100) replacing former series; prior to 1995: incl. alcoholic beverages and tobacco.			
90	As from 1996 index base 2000=100; from 1981 to 1998: index base 1990=100; prior to 1981: index base 1980=100.			
91	Prior to 1996: incl. tobacco.			
92	Series replacing former series; prior to 2001: incl. alcoholic beverages and tobacco.			
93	Jan.-March and Aug.-Dec.			
94	As from 1990 index base 2000=100; prior to 1990: Index base 1990=100.			
95	Prior to 1990:urban areas only; series (base 2000=100) replacing former series.			
96	Feb.-Dec.			
97	Jan.-July.			
98	Incl. meals outside home.			
99	As from 1984:index base 2000=100; prior to 1984 Index base 1975=100.			
100	July-Dec.; series linked to former series.			
101	As from 1990 index base 2000=100; prior to 1990: Index base 1988=100.			
102	July-Dec.; series (base 2000=100) replacing former series.			
103	Jan.-Sep.			
104	As from 1997 index base 2000=100; prior to 1996: Index base 1990=100.			
105	Annual averages are based on the months Feb.-Dec. and of January of the following year.			
106	Series replacing former series; prior to 1990: Food only.                               .			
107	As from 1988 index base 2000=100; prior to 1988: Index base 1986=100.			
108	Beginnig November 1999: excluded Dili.			
109	Index base: 2007=100.			
110	Series (base 2007=100) replacing former series; prior to 2007: incl. tobacco.			
111	March-Dec.			
112	As from 1979 index base 1990=100; prior to 1979: Index base 1978=100.			
113	May-Dec.			
114	Prior to 1999: incl. alcoholic beverages.			
115	Beginning 1992: excl. tobacco.			
116	Series replacing former series; prior to 2007: incl. alcoholic beverages.			
117	Index base June 2000=100.			
118	June of each year.			
119	Index base: 1977 = 100.			
120	As from 1976 index base 2000=100; prior to 1976: Index base 1975=100.			
121	Fourth quarter.			
122	Series replacing former series; prior to 2005: incl. alcoholic beverages.			
123	Jan.-June.			
124	Series replacing former series; prior to 2005: incl. alcoholic beverages and tobacco.			
125	Series (base 2000=100) replacing former series; prior to 1995: incl. alcoholic beverages and tobacco.			
126	Jan.-June.			
127	Index base: 1988=100.			
128	Index base: 1984 = 100.			
129	As from 1991 index base 2000=100; prior to 1990: Index base 1989=100.			
130	As from 1992 index base 2000=100; prior to 1992: Index base 1987=100.			
131	Beginning January 1998: incl. beverages and tobacco.			
132	Series replacing former series; prior to 1999: incl. tobacco.			
133	Prior to 1980: Fort-de-France only; series linked to former series.			
134	As from 1990:index base 2000=100; prior to 1990 Index base 1984=100.			
135	July-Dec.; series linked to former series.			
136	Index base: 1987=100.			
137	March.			
138	As from 1994 index base 2000=100; from 1980 to 1986: index base 1986=100; prior to 1986: index base 1976=100.			
139	Series (base 1986 = 100) replacing former series.			
140	Index base 2002=100.			
141	As from 1975 index base 2000=100; prior to 1974: Index base 1973=100.			
142	Index base 1999=100.			
143	As from 1988 index base 2000=100; prior to 1988: Index base 1980=100.			
144	Series linked to former series; prior 1998: excl. tobacco.			
145	Jan.-Aug. and Oct.-Dec.			
146	Average of the last three quarters.			
147	Series (base 2000=100) replacing former series; prior to 1998: Food only.			
148	As from 1998 index base 2000=100; prior to 1998 Index base 1990=100.			
149	Series replacing former series; prior to 1984: incl. non-alcoholic and alcoholic beverages.			
150	Prior to 1990:urban areas only; series replacing former series			
151	As from 1991 index base 2000=100; prior to 1991: Index base 1990=100.			
152	10 months'average.			
153	April-Dec.			
154	April-Dec.; series linked to former series.			
155	As from 1997 index base 2000=100; prior to 1992: Index base 1990=100.			
156	As from 1982 index base 2000=100; prior to 1981: Index base 1980=100.			
157	As from 1973 index base 1981=100; prior to 1973: Index base 1972=100.			
158	Series (base 1981 = 100) replacing former series.			
159	All cities.			
160	Middle income group.			
161	As from 1994 index base 2000=100; prior to 1993: Index base 1990=100.			
162	As from 2001 index base 2001=100; prior to 2001: Index base 2000=100.			
163	Series replacing former series; prior to 1993: incl. tobacco.			
164	Series (base 2002=100) replacing former series.			
165	Series (base 2000=100) replacing former series; prior to 2000: food only.			
166	Due to lack of space, multiply each figure by 1000.			
167	As from 1992 index base 2001=100; prior to 1992: Index base 1990=100.			
168	Half-year average.			
169	Series (base 2000=100) replacing former series; as from 1998: incl. beverages and tobacco.			
170	As from 1994 index base 2000=100; prior to 1996: Index base 1990=100.			
171	Series (base 2003=100) replacing former series; prior to 2005 incl. alcoholic beverages  and tobacco.			
172	As from 1992 index base 2000=100; prior to 1990: Index base 1989=100.			
173	All Urban Consumers.			
174	Series (base 2000=100) replacing former series; prior to 1988: incl. alcoholic beverages.			
175	Prior to 1990: low income group; series (base 2000=100) series replacing former series.			
176	Jan.-March and Oct.-Dec.			
177	April-Dec.			
178	Index base: 1974=100.			